"source_id","title","url","source_type","publisher","author","published_at","accessed_at","authority_level","primary_or_secondary","case_id","relevant_event","notes","verification_status"
"CTQ-S001","Sở Giáo dục và Đào tạo Tuyên Quang đề xuất tổ chức thi lại môn Toán","https://baochinhphu.vn/so-giao-duc-va-dao-tao-tuyen-quang-de-xuat-to-chuc-thi-lai-mon-toan-102260709160659872.htm","news","Government Electronic Newspaper","Thu Trang","2026-07-09","2026-10-02","institutional","secondary","ctq","Initial provincial retest proposal","Báo chí dẫn họp báo của tỉnh: bất thường được xác định ở khâu coi thi môn Toán; Ngữ văn và Ngoại ngữ được đánh giá phù hợp với học bạ. Đề xuất thi lại Toán chưa phải quyết định cuối cùng.","verified"
"CTQ-S002","Tổ chức thi lại tất cả các môn tại Điểm thi Trường THPT Chuyên Tuyên Quang vào ngày 14-15/8","https://baochinhphu.vn/to-chuc-thi-lai-tat-ca-cac-mon-tai-diem-thi-truong-thpt-chuyen-tuyen-quang-102260805094314436.htm","news","Government Electronic Newspaper","","2026-08-05","2026-10-02","institutional","secondary","ctq","Ministry decision to retest all subjects","Báo chí dẫn Bộ GDĐT về sai phạm trên toàn điểm thi và quyết định thi lại tất cả môn; không phải bản gốc quyết định hành chính.","verified"
"CTQ-S003","Bảo lưu nguyện vọng, xét tuyển riêng 328 thí sinh Tuyên Quang sau thi lại","https://baochinhphu.vn/bao-luu-nguyen-vong-xet-tuyen-rieng-328-thi-sinh-tuyen-quang-sau-thi-lai-102260805134554882.htm","news","Government Electronic Newspaper","","2026-08-05","2026-10-02","institutional","secondary","ctq","Admission treatment after the retest","Báo chí mô tả việc giữ nguyện vọng và xét tuyển riêng sau khi có kết quả thi lại hợp lệ.","verified"
"CTQ-S004","Hủy kết quả thi, tổ chức thi lại cho 328 thí sinh điểm thi THPT Chuyên Tuyên Quang","https://vtv.vn/huy-ket-qua-thi-to-chuc-thi-lai-cho-328-thi-sinh-diem-thi-thpt-chuyen-tuyen-quang-100260805092935332.htm","news","VTV","Khanh Nguyen","2026-08-05","2026-10-02","institutional","secondary","ctq","Cancellation and all-subject retest decision","Bản tin về họp báo của Bộ, việc hủy kết quả và căn cứ được viện dẫn cho thi lại tất cả môn.","verified"
"CTQ-S005","Thi lại tại điểm thi THPT chuyên Tuyên Quang: Bộ GD&ĐT công bố các mốc thời gian","https://vtv.vn/thi-lai-tai-diem-thi-thpt-chuyen-tuyen-quang-bo-gddt-cong-bo-cac-moc-thoi-gian-100260806231245581.htm","news","VTV","Khanh Nguyen","2026-08-07","2026-10-02","institutional","secondary","ctq","Retest implementation schedule","Bản tin triển khai Công văn 5157, gồm thu hồi kết quả cũ, lịch thi, công bố điểm, tốt nghiệp và phúc khảo.","verified"
"CTQ-S006","Retest results announced for 326 THPT Chuyen Tuyen Quang candidates","https://cms.baochinhphu.vn/cong-bo-ket-qua-thi-lai-tot-nghiep-thpt-cua-326-thi-sinh-chuyen-tuyen-quang-102260819090217122.htm","news","Government Electronic Newspaper","","2026-08-19","2026-10-02","institutional","secondary","ctq","Publication of retest results","Seed source. Search-index content was available but the article URL returned an internal error during direct inspection; do not use as sole primary evidence. NEEDS_HUMAN_REVIEW: Không mở được trực tiếp nguồn gốc trong đợt kiểm tra này; giữ nguyên tiêu đề và nội dung tiếng Anh hiện có, không dịch ngược.","needs_human_review"
"CTQ-S007","Đề xuất thi lại môn Toán ở Tuyên Quang: Có bảo đảm công bằng?","https://tienphong.vn/de-xuat-thi-lai-mon-toan-o-tuyen-quang-co-bao-dam-cong-bang-post1858350.tpo","news","Tien Phong","Nghiem Hue; Nguyen Ha","2026-07-09","2026-10-02","expert_or_commentary","secondary","ctq","Early debate over the Math-only retest proposal","Bài báo ghi nhận tranh luận chuyên gia về công bằng của phương án chỉ thi lại Toán; ý kiến chuyên gia không tự được chấp nhận.","verified"
"CTQ-S008","Bộ GD-ĐT phản hồi về đề nghị cho thí sinh thi lại môn Toán của Tuyên Quang","https://vietnamnet.vn/bo-gd-dt-phan-hoi-ve-de-nghi-cho-thi-sinh-thi-lai-mon-toan-cua-tuyen-quang-2534241.html","news","VietNamNet","Thanh Hung","","2026-10-02","professional_media","secondary","ctq","Ministry response before a final decision","Bài báo dẫn phản hồi Bộ: phải xác minh đầy đủ, căn cứ Quy chế và đánh giá tác động trước khi quyết định.","partially_verified"
"CTQ-S009","Thi lại ở Tuyên Quang: Thầy giáo từng lên tiếng về bất thường ở môn Toán nói gì?","https://vov.vn/xa-hoi/thi-lai-o-tuyen-quang-thay-giao-tung-len-tieng-ve-bat-thuong-o-mon-toan-noi-gi-post1325368.vov","news","Voice of Vietnam","","2026-08-19","2026-10-02","expert_or_commentary","secondary","ctq","Interpretation of retest results","Phỏng vấn chuyên gia về áp lực tâm lý, động cơ thi và giới hạn của việc suy nguyên nhân từ chênh lệch điểm.","verified"
"CTQ-S010","Loại 328 thí sinh Tuyên Quang khỏi danh sách lọc ảo: Cạnh tranh xét tuyển công bằng","https://thanhnien.vn/loai-328-thi-sinh-tuyen-quang-khoi-danh-sach-loc-ao-canh-tranh-xet-tuyen-cong-bang-185260808155142345.htm","news","Thanh Nien","Quy Hien","2026-08-09","2026-10-02","professional_media","secondary","ctq","Admission-system consequences","Phân tích báo chí về việc tách 328 hồ sơ khỏi lọc ảo và ảnh hưởng cạnh tranh tuyển sinh.","verified"
"CTQ-S011","Xử lý hồ sơ thí sinh Tuyên Quang sau thi lại kỳ thi tốt nghiệp 2026","https://nhandan.vn/ho-so-xet-tuyen-dai-hoc-cua-cac-thi-sinh-tuyen-quang-duoc-xu-ly-rieng-the-nao-sau-thi-lai-post981743.html","news","Nhan Dan","","2026-08-14","2026-10-02","institutional","secondary","ctq","Admission eligibility after cancellation","Bản tin về cách xử lý riêng hồ sơ sau thi lại, điều kiện dùng kết quả hợp lệ và quyền của thí sinh khác.","verified"
"CTQ-S012","Kết quả thi lại ở Tuyên Quang và câu chuyện lớn hơn điểm số","https://dantri.com.vn/tam-diem/ket-qua-thi-lai-o-tuyen-quang-va-cau-chuyen-lon-hon-diem-so-20260820152510150.htm","news","Dan Tri","Pham Anh","2026-08-20","2026-10-02","expert_or_commentary","secondary","ctq","Post-retest interpretation","Bình luận báo chí về ý nghĩa thể chế của kết quả thi lại; không phải nguồn quy phạm.","verified"
"CTQ-S013","Chuyên gia: Điểm thi lại ở chuyên Tuyên Quang 'hợp lý'","https://vnexpress.net/chuyen-gia-diem-thi-lai-o-chuyen-tuyen-quang-hop-ly-5110799.html","news","VnExpress","","2026-08-19","2026-10-02","expert_or_commentary","secondary","ctq","Statistical interpretation of retest results","Bài báo dẫn chuyên gia đánh giá độ phân tán và tính hợp lý của kết quả lần hai; diễn giải vẫn có thể tranh luận.","verified"
"CTQ-S014","328 thí sinh Tuyên Quang thi lại sau vụ gian lận, làm sao để bảo đảm công bằng?","https://vov.vn/xa-hoi/328-thi-sinh-tuyen-quang-thi-lai-sau-vu-gian-lan-lam-sao-de-bao-dam-cong-bang-post1321750.vov","news","Voice of Vietnam","","2026-08-06","2026-10-02","expert_or_commentary","secondary","ctq","Conditions for a credible retest","Bài báo tập hợp lập luận chuyên gia về kiểm soát kỳ thi lại và công bằng với các nhóm thí sinh.","verified"
"CTQ-S015","Thi lại ở Tuyên Quang: Bộ GD-ĐT bổ sung chuyên gia khảo thí, cân bằng độ khó đề thi","https://tuoitre.vn/thi-lai-o-tuyen-quang-bo-gd-dt-bo-sung-chuyen-gia-khao-thi-can-bang-do-kho-de-thi-100260805174729173.htm","news","Tuoi Tre","Nguyen Bao","2026-08-05","2026-10-02","professional_media","secondary","ctq","Retest design and comparability","Bản tin dẫn Bộ về bổ sung chuyên gia để đối chiếu, cân bằng độ khó đề thi lại.","verified"
"CTQ-S016","Tuyen Quang retest results more closely reflect candidates' substantive ability","https://baotintuc.vn/giao-duc/thi-lai-tot-nghiep-tai-tuyen-quang-ket-qua-phan-anh-sat-hon-nang-luc-thuc-cua-thi-sinh-20260819104143291.htm","news","Vietnam News Agency Newspaper","","2026-08-19","2026-10-02","expert_or_commentary","secondary","ctq","Expert interpretation supporting the retest","Taxonomy migrated. Expert claims carried by professional journalism are news and are not automatically accepted. NEEDS_HUMAN_REVIEW: Không mở được trực tiếp nguồn gốc trong đợt kiểm tra này; giữ nguyên tiêu đề và nội dung tiếng Anh hiện có, không dịch ngược.","needs_human_review"
"CTQ-S017","328 thí sinh chuyên Tuyên Quang được giữ nguyên số báo danh cũ khi thi lại","https://voz.vn/t/328-thi-sinh-chuyen-tuyen-quang-duoc-giu-nguyen-so-bao-danh-cu-khi-thi-lai.1267888/page-11","social","VOZ","Ronin36 and thread participants","2026-08-07","2026-10-02","public","primary","ctq","Public reaction after the all-subject retest decision","Thảo luận diễn đàn công khai có quan điểm trực tiếp nhưng lẫn mỉa mai, suy đoán và cáo buộc chưa kiểm chứng; chỉ trích xuất phát biểu truy nguyên được.","verified"
"CTQ-S018","Quy chế thi tốt nghiệp trung học phổ thông ban hành kèm theo Thông tư số 24/2024/TT-BGDĐT","https://vqa.moet.gov.vn/uploads/news/2024_12/final-quy-che-thi-tot-nghiep-thpt.pdf","official_document","Ministry of Education and Training","Ministry of Education and Training","2024-12-24","2026-10-02","authoritative","primary","ctq","Legal framework for examination governance and retesting","Văn bản gốc của Quy chế; khi viện dẫn phải kiểm tra hiệu lực, điều khoản sửa đổi năm 2026 và điều kiện áp dụng.","verified"
"CTQ-S019","Decision establishing the provincial steering committee for the 2026 THPT Chuyen Tuyen Quang retest","https://www.tuyenquang.gov.vn/vi/post/quyet-dinh-ve-viec-thanh-lap-ban-chi-dao-cap-tinh-to-chuc-thi-lai-ky-thi-tot-nghiep-thpt-nam-2026-doi-voi-cac-mon-thi-ma-thi-sinh-da-du-thi-tai-diem-thi-truong-thpt-chuyen-tuyen-quang?id=248782&type=EXECUTIVE_DIRECTION","official_document","Tuyen Quang Provincial People's Committee","Phan Huy Ngoc","2026-08-06","2026-10-02","authoritative","primary","ctq","Provincial implementation of the retest","Taxonomy migrated. Decision 1993/QD-UBND is an original administrative document, subject to validity and applicability checks for each claim. NEEDS_HUMAN_REVIEW: Không mở được trực tiếp nguồn gốc trong đợt kiểm tra này; giữ nguyên tiêu đề và nội dung tiếng Anh hiện có, không dịch ngược.","needs_human_review"
"CTQ-S020","Khẩn trương xác minh, làm rõ thông tin về kết quả điểm thi môn Toán tại Kỳ thi tốt nghiệp THPT","https://www.tuyenquang.gov.vn/vi/post/khan-truong-xac-minh-lam-ro-thong-tin-ve-ket-qua-diem-thi-mon-toan-tai-ky-thi-tot-nghiep-thpt?id=240518&type=NEWS","authority_statement","Tuyen Quang Provincial Portal","","2026-07-04","2026-10-02","institutional","primary","ctq","Initial official verification response","Bản tin cổng tỉnh về yêu cầu khẩn trương xác minh; không phải bản gốc văn bản chỉ đạo 194/UBND-NC.","verified"
"CTQ-S021","Có nên cho 328 thí sinh đạt 9, 10 điểm môn Toán ở THPT Chuyên Tuyên Quang thi lại?","https://vov2.vov.vn/giao-duc-dao-tao/co-nen-cho-328-thi-sinh-dat-9-10-diem-mon-toan-o-thpt-chuyen-tuyen-quang-thi-lai","news","VOV2","","2026-07-10","2026-10-02","expert_or_commentary","secondary","ctq","Expert opposition to the initial retest proposal","Báo chí dẫn quan điểm chuyên gia phản đối thi lại và ủng hộ hủy kết quả; đây không phải kết luận pháp lý.","verified"
"CTQ-S022","Đề xuất thi lại môn Toán tại Trường THPT chuyên Tuyên Quang","https://voz.vn/t/de-xuat-thi-lai-mon-toan-tai-truong-thpt-chuyen-tuyen-quang.1258978/","social","VOZ","baotrungnazi10 and thread participants","2026-07-09","2026-10-02","public","primary","ctq","Public reaction to the Math-only retest proposal","Bình luận công khai yêu cầu hủy kết quả hoặc cá thể hóa điều tra; đã loại ngôn từ xúc phạm và cáo buộc không có chứng cứ.","verified"
"CTQ-S023","Khởi tố Trưởng điểm thi Trường THPT Chuyên và 03 bị can liên quan đến Kỳ thi THPT 2026 tại Tuyên Quang","https://congan.tuyenquang.gov.vn/vi/tin-bai/khoi-to-truong-diem-thi-truong-thpt-chuyen-va-03-bi-can-lien-quan-den-ky-thi-thpt-2026-tai-tuyen-quang?id=39535&type=NEWS","authority_statement","Tuyen Quang Provincial Police","","2026-07-09","2026-10-02","authoritative","primary","ctq","t2 misconduct evidence and criminal proceedings","Thông tin của Công an tỉnh về kết quả điều tra ban đầu và khởi tố; là tuyên bố thẩm quyền, không phải văn bản quy phạm hay bản án.","verified"
"CTQ-S024","Thông tư số 13/2026/TT-BGDĐT sửa đổi, bổ sung Quy chế thi tốt nghiệp trung học phổ thông","https://vanban.chinhphu.vn/?docid=217189&pageid=27160","official_document","Ministry of Education and Training","Ministry of Education and Training","2026-03-09","2026-10-02","authoritative","primary","ctq","Regulation effective during all CTQ timestamps","Thông tư sửa đổi có hiệu lực từ 24/4/2026; phải dùng cùng văn bản hợp nhất để tránh viện dẫn câu chữ cũ.","verified"
"CTQ-S025","Tuyên Quang chủ động chuẩn bị, bảo đảm Kỳ thi lại tốt nghiệp THPT năm 2026 diễn ra an toàn, nghiêm túc","https://pbgdpl.tuyenquang.gov.vn/DetailView/37408/0/Tuyen-Quang-chu-dong-chuan-bi-bao-dam-Ky-thi-lai-tot-nghiep-THPT-nam-2026-dien-ra-an-toan-nghiem-tuc.html","authority_statement","Tuyen Quang Provincial Legal Dissemination Portal","","2026-08-14","2026-10-02","institutional","primary","ctq","t4 retest implementation safeguards","Bản tin cơ quan về các yêu cầu trong Thông báo 167/TB-UBND; không phải bản thông báo gốc và không chứng minh việc thực hiện.","verified"
"CTQ-S026","Thi lại ở Tuyên Quang: Bảo đảm quyền xét tuyển đại học của thí sinh có kết quả hợp lệ","https://www.vietnamplus.vn/thi-lai-o-tuyen-quang-bao-dam-quyen-xet-tuyen-dai-hoc-cua-thi-sinh-co-ket-qua-hop-le-post1131152.vnp","news","VietnamPlus / Vietnam News Agency","Viet Ha","2026-08-19","2026-10-02","institutional","secondary","ctq","t5 valid-result and admission treatment","Báo chí dẫn Bộ về xử lý riêng kết quả hợp lệ, giữ quyền dự tuyển và không thay đổi kết quả trúng tuyển hợp pháp của người khác.","verified"
"CTQ-S027","Điểm thi Toán của học sinh chuyên Tuyên Quang 'tụt dốc', chuyên gia nói gì?","https://tienphong.vn/diem-thi-toan-cua-hoc-sinh-chuyen-tuyen-quang-tut-doc-chuyen-gia-noi-gi-post1869123.tpo","news","Tien Phong","Ha Linh","2026-08-19","2026-10-02","expert_or_commentary","secondary","ctq","t5 interpretation of retest results","Bài báo dẫn chuyên gia diễn giải phổ điểm lần hai; quan điểm chuyên gia không phải kết luận có thẩm quyền.","verified"
"CTQ-S028","Public Reddit discussion of the CTQ retest score changes","https://www.reddit.com/r/VietNamNation/comments/1vsfkp1/","social","Reddit","r/VietNamNation participants","2026-08-19","2026-10-02","public","primary","ctq","t5 public interpretation of retest results","Direct public discussion treats score declines as evidence of a compromised first sitting, while some replies question whether a retest can identify individual wrongdoing. The original title and comments contain abusive language and unsupported allegations, which are not reproduced as facts. NEEDS_HUMAN_REVIEW: Không mở được trực tiếp nguồn gốc trong đợt kiểm tra này; giữ nguyên tiêu đề và nội dung tiếng Anh hiện có, không dịch ngược.","needs_human_review"
"CTQ-S029","Vụ án xảy ra tại Điểm thi Trường THPT Chuyên Tuyên Quang: đã khởi tố 41 bị can","https://mps.gov.vn/videos/sai-pham-tai-diem-thi-truong-thpt-chuyen-tuyen-quang-xay-ra-tai-tat-ca-cac-phong-thi-voi-tat-ca-cac-mon-thi-1790859360","authority_statement","Ministry of Public Security","","2026-10-01","2026-10-02","authoritative","primary","ctq","t6 investigation broadens","Thông tin điều tra của Bộ Công an về 41 bị can và sai phạm ở tất cả phòng, tất cả môn; vụ án còn đang điều tra.","verified"
"CTQ-S030","Khởi tố 41 bị can trong vụ gian lận thi tốt nghiệp Trung học phổ thông ở Tuyên Quang","https://nhandan.vn/khoi-to-41-bi-can-trong-vu-gian-lan-thi-tot-nghiep-trung-hoc-pho-thong-o-tuyen-quang-post992371.html","news","Nhan Dan","T. Ha","2026-10-01","2026-10-02","institutional","secondary","ctq","t6 all-room and all-subject evidence","Bài báo thuật lại thông tin Bộ Công an, bổ sung mô tả bằng văn bản về phạm vi hành vi và nhóm bị can; chưa phải phán quyết cuối cùng.","verified"
"CTQ-S031","Nghi vấn điểm thi Toán bất thường ở Tuyên Quang, Bộ GD&ĐT lên tiếng","https://vtv.vn/nghi-van-diem-thi-toan-bat-thuong-o-tuyen-quang-bo-gddt-len-tieng-1002607031116107.htm","authority_statement","Ministry of Education and Training via VTV","Ministry of Education and Training","2026-07-03","2026-10-02","institutional","secondary","ctq","t1 initial suspicion and investigation","Bộ được dẫn lời yêu cầu kiểm tra và cử đoàn xác minh; tại thời điểm đó chưa kết luận sai phạm.","verified"
"CTQ-S032","Điểm môn Toán trường chuyên Tuyên Quang vượt xa các trường chuyên cả nước","https://tienphong.vn/diem-mon-toan-truong-chuyen-tuyen-quang-vuot-xa-cac-truong-chuyen-ca-nuoc-post1856594.tpo","news","Tien Phong","","2026-07-03","2026-10-02","professional_media","secondary","ctq","t1 comparative anomaly","So sánh CTQ với 21 trường chuyên và ghi nhận lo ngại thống kê; nhóm đối sánh và phép tính chưa được tái lập độc lập.","verified"
"CTQ-S033","Kiểm tra học bạ, bài thi của thí sinh đạt 10 điểm Toán ở Tuyên Quang","https://vnexpress.net/kiem-tra-hoc-ba-bai-thi-cua-thi-sinh-dat-10-diem-toan-o-tuyen-quang-5093413.html","authority_statement","Tuyen Quang Provincial People's Committee via VnExpress","Phan Huy Ngoc and provincial examination steering committee","2026-07-04","2026-10-02","institutional","secondary","ctq","t1 cautious defense and expanded verification","Bài báo dẫn đánh giá sơ bộ của tỉnh rằng chưa phát hiện sai sót, đồng thời cho biết việc kiểm tra vẫn tiếp tục; bị chứng cứ sau làm suy yếu.","verified"
"CTQ-S034","Public discussion of possible mechanisms and candidate responsibility","https://www.reddit.com/r/vozforums/comments/1uo9jiv/","social","Reddit","r/vozforums participants","2026-07-05","2026-10-02","public","primary","ctq","t2 public reaction and competing explanations","Participants debate benign student ability, lax invigilation, possible leakage, peer copying, and the danger of collective stigma. These are public hypotheses, not verified facts. NEEDS_HUMAN_REVIEW: Không mở được trực tiếp nguồn gốc trong đợt kiểm tra này; giữ nguyên tiêu đề và nội dung tiếng Anh hiện có, không dịch ngược.","needs_human_review"
"CTQ-S035","Họp báo cung cấp thông tin liên quan đến Kỳ thi tốt nghiệp THPT năm 2026 tại Tuyên Quang","https://doingoai.tuyenquang.gov.vn/vi/post/hop-bao-cung-cap-thong-tin-lien-quan-den-ky-thi-tot-nghiep-thpt-nam-2026-tai-tuyen-quang?id=241682&type=NEWS","authority_statement","Tuyen Quang Provincial Portal","Hoang Minh Canh; Nguyen Manh Tuan; provincial police representative","2026-07-09","2026-10-02","institutional","primary","ctq","t3 Math-retest proposal and official justification","Cổng tỉnh ghi nhận họp báo, đề xuất thi lại Toán và số người được tham vấn; đề xuất chưa phải quyết định quốc gia.","verified"
"CTQ-S036","Public thread on unanimous parent support for a Mathematics retest","https://www.reddit.com/r/TroChuyenLinhTinh/comments/1urygx9/","social","Reddit","r/TroChuyenLinhTinh participants","2026-07-10","2026-10-02","public","primary","ctq","t3 social reaction to Math-only retest proposal","Preserves a public repost and reactions to the reported 322-parent and six-independent-candidate consultation. The thread does not independently verify whether consent was informed or freely expressed. NEEDS_HUMAN_REVIEW: Không mở được trực tiếp nguồn gốc trong đợt kiểm tra này; giữ nguyên tiêu đề và nội dung tiếng Anh hiện có, không dịch ngược.","needs_human_review"
"CTQ-S037","Bộ Giáo dục: Tổ chức thi lại ở chuyên Tuyên Quang là 'hợp tình, hợp lý'","https://vnexpress.net/bo-giao-duc-hop-bao-cong-bo-phuong-an-vu-diem-10-toan-bat-thuong-o-chuyen-tuyen-quang-5105261.html","authority_statement","Ministry of Education and Training via VnExpress","Huynh Van Chuong; Pham Ngoc Thuong; Nguyen Tien Thao","2026-08-05","2026-10-02","institutional","secondary","ctq","t4 national resolution and justification","Bài báo dẫn quan chức Bộ giải thích hủy kết quả, thi lại toàn bộ và phân biệt biện pháp khắc phục với kỷ luật cá nhân.","verified"
"CTQ-S038","Chi tiết lịch thi lại, các mốc thời gian tổ chức thi lại cho thí sinh tại Điểm thi Trường chuyên Tuyên Quang","https://xaydungchinhsach.chinhphu.vn/bo-gddt-huong-dan-thi-lai-cho-cac-thi-sinh-tai-diem-thi-truong-thpt-chuyen-tuyen-quang-119260806172940304.htm","authority_statement","Government Policy Development Portal","Ministry of Education and Training representatives","2026-08-06","2026-10-02","institutional","secondary","ctq","t4 applicability and proportionality rationale","Bản tin chính sách dẫn Bộ về lịch thi lại, phân biệt CTQ với Quảng Trị và trách nhiệm cá nhân; không phải bản gốc quyết định.","verified"
"CTQ-S039","Hướng dẫn tổ chức thi lại Kỳ thi tốt nghiệp trung học phổ thông năm 2026 cho các thí sinh tại Điểm thi Trường THPT Chuyên Tuyên Quang","https://dienbien.tnu.edu.vn/doc/58/huong-dan-to-chuc-thi-lai-ky-thi-tot-nghiep-trung-hoc-pho-thong-nam-2026-cho-cac-thi-sinh-tai-diem-thi-truong-thpt-chuyen-tuyen-quang","official_document","Ministry of Education and Training","Pham Ngoc Thuong","2026-08-05","2026-10-02","authoritative","secondary_copy","ctq","t4 binding implementation schedule","Kho văn bản của đơn vị đại học công lập lưu hồ sơ Công văn 5157 và tệp đính kèm; vẫn là bản lưu ngoài máy chủ Bộ.","verified_copy"
"CTQ-S040","Plan 305/KH-UBND for the CTQ retest","https://www.tuyenquang.gov.vn/vi/post/ke-hoach-to-chuc-thi-lai-ky-thi-tot-nghiep-thpt-nam-2026-doi-voi-cac-mon-thi-ma-thi-sinh-da-du-thi-tai-diem-thi-truong-thpt-chuyen-tinh-tuyen-quang?id=248769&type=EXECUTIVE_DIRECTION","official_document","Tuyen Quang Provincial People's Committee","Do Anh Tuan","2026-08-06","2026-10-02","authoritative","primary","ctq","t4 provincial implementation plan","Original provincial portal record and attached PDF establish the retest implementation plan under Decision 2288, including independence and organization requirements. NEEDS_HUMAN_REVIEW: Không mở được trực tiếp nguồn gốc trong đợt kiểm tra này; giữ nguyên tiêu đề và nội dung tiếng Anh hiện có, không dịch ngược.","needs_human_review"
"CTQ-S041","Chỉ thị số 20/CT-TTg về việc tổ chức Kỳ thi tốt nghiệp trung học phổ thông và tuyển sinh đại học, giáo dục nghề nghiệp năm 2026","https://vanban.chinhphu.vn/?classid=0&docid=218136&pageid=27160","official_document","Prime Minister of Vietnam","Le Tien Chau","2026-05-18","2026-10-02","authoritative","primary","ctq","t1 pre-examination governance baseline","Chỉ thị gốc đặt yêu cầu an toàn, nghiêm túc, khách quan, trung thực, công bằng và phân công trách nhiệm cho kỳ thi 2026.","verified"
"CTQ-S042","Văn bản hợp nhất số 02/VBHN-BGDĐT ban hành Quy chế thi tốt nghiệp trung học phổ thông","https://vanban.chinhphu.vn/?docid=217887&pageid=27160","official_document","Ministry of Education and Training","Pham Ngoc Thuong","2026-04-17","2026-10-02","authoritative","primary","ctq","t1-t6 consolidated examination rules","Văn bản hợp nhất chính thức tích hợp sửa đổi 2026; từng điều khoản vẫn phải được kiểm tra hiệu lực và khả năng áp dụng.","verified"
"CTQ-S043","Kết thúc coi thi Kỳ thi tốt nghiệp THPT năm 2026: An toàn, nghiêm túc trong bối cảnh nhiều thách thức mới","https://vqa.moet.gov.vn/vi/news/tin-tuc-su-kien/ket-thuc-coi-thi-ky-thi-tot-nghiep-thpt-nam-2026-an-toan-nghiem-tuc-trong-boi-canh-nhieu-thach-thuc-moi-273.html","authority_statement","Ministry of Education and Training, Quality Management Authority","Le My Phong; Pham Ngoc Thuong","2026-06-15","2026-10-02","authoritative","primary","ctq","t1 initial national assurance","Thông tin tổng kết ban đầu mô tả kỳ thi toàn quốc an toàn, nghiêm túc và chưa phát hiện gian lận có tổ chức; không phải kiểm toán riêng CTQ.","verified"
"CTQ-S044","Bảo đảm an ninh trật tự Kỳ thi tốt nghiệp Trung học phổ thông 2026 tại tỉnh Tuyên Quang","https://mps.gov.vn/bai-viet/cong-an-tinh-tuyen-quang-bao-dam-an-ninh-trat-tu-ky-thi-tot-nghiep-thpt-2026-1781235007","authority_statement","Ministry of Public Security / Tuyen Quang Provincial Police","Tuan Anh; Kim Anh","2026-06-12","2026-10-02","authoritative","primary","ctq","t1 local security assurance","Bản tin về triển khai an ninh tại Tuyên Quang; mô tả kế hoạch và kết quả báo cáo, không phải kiểm toán hiệu quả độc lập.","verified"
"CTQ-S045","Từ không có điểm 10 năm 2025, Tuyên Quang bất ngờ vọt lên 154 điểm 10 Toán 2026","https://voz.vn/t/tu-khong-co-diem-10-nam-2025-tuyen-quang-bat-ngo-vot-len-154-diem-10-toan-2026.1257160/","social","VOZ","VOZ participants","2026-07-03","2026-10-02","public","primary","ctq","t1 public statistical suspicion","Chủ đề VOZ lưu việc lan truyền số liệu 0 điểm 10 năm 2025 và 154 điểm 10 năm 2026; số liệu gốc từ báo chí, chưa tái lập độc lập.","verified"
"CTQ-S046","CHUYÊN TUYÊN QUANG","https://www.reddit.com/r/vozforums/comments/1vfv7f7/chuy%C3%AAn_tuy%C3%AAn_quang/","social","Reddit","r/vozforums participants","2026-08-05","2026-10-02","public","primary","ctq","t4 competing remedy positions","Thảo luận công khai về hủy kết quả, thi lại, suy đoán vô tội, trách nhiệm cá nhân và chi phí chậm một năm; phát biểu về lỗi chỉ là ý kiến.","verified"
"CTQ-S047","Public reaction to the prosecution of education leadership and broad CTQ misconduct","https://voz.vn/t/khoi-to-giam-doc-so-gd-dt-tuyen-quang.1284763/","social","VOZ","VOZ participants","2026-10-01","2026-10-02","public","primary","ctq","t6 reaction to broadened investigation","Thread preserves immediate public reaction to the official report of 41 defendants and all-room, all-subject scope. It is useful for public-trust and accountability arguments, but speculation about motives or unnamed persons is excluded. NEEDS_HUMAN_REVIEW: Không mở được trực tiếp nguồn gốc trong đợt kiểm tra này; giữ nguyên tiêu đề và nội dung tiếng Anh hiện có, không dịch ngược.","needs_human_review"
"CTQ-S048","Bộ Giáo dục và Đào tạo chưa quyết định cho thí sinh Trường chuyên tỉnh Tuyên Quang thi lại môn Toán","https://nhandan.vn/bo-giao-duc-va-dao-tao-chua-quyet-dinh-cho-thi-sinh-truong-chuyen-tinh-tuyen-quang-thi-lai-mon-toan-post974613.html","authority_statement","Ministry of Education and Training via Nhan Dan","Ministry of Education and Training","2026-07-09","2026-10-02","institutional","secondary","ctq","t3 national review of provincial proposal","Bài báo dẫn Bộ xác nhận chưa quyết định đề xuất thi lại Toán; phương án còn phụ thuộc Quy chế, xác minh và đánh giá tác động.","verified"
"CTQ-S049","Public argument for an all-subject and process-wide review","https://www.reddit.com/r/VietnamMemeWar/comments/1utsg3i/v%E1%BB%A5_tuy%C3%AAn_quang_ai_m%E1%BB%9Bi_c%C3%B3_quy%E1%BB%81n_n%C3%B3i_c%C3%B4ng_b%E1%BA%B1ng/","social","Reddit","r/VietnamMemeWar participant","2026-07-11","2026-10-02","public","primary","ctq","t3 public challenge to a Mathematics-only scope","The post explicitly argues for reviewing other subjects and the entire examination process before treating Mathematics as the sole affected scope. Allegations beyond cited official facts are excluded. NEEDS_HUMAN_REVIEW: Không mở được trực tiếp nguồn gốc trong đợt kiểm tra này; giữ nguyên tiêu đề và nội dung tiếng Anh hiện có, không dịch ngược.","needs_human_review"
"CTQ-S050","Thí sinh trường Chuyên Tuyên Quang đăng ký xét tuyển không làm giảm cơ hội của thí sinh khác","https://lex.hcmute.edu.vn/tin-tuc/thi-sinh-truong-chuyen-tuyen-quang-dang-ky-xet-tuyen-khong-lam-giam-co-hoi-cua-thi-sinh-khac-119737.html","authority_statement","Ministry of Education and Training via HCMUTE Legal Information","Nguyen Tien Thao","2026-07-22","2026-10-02","institutional","secondary","ctq","t3 provisional admission participation","Trang đại học đăng lại phát biểu của quan chức Bộ: đăng ký nguyện vọng không giữ chỗ hay làm giảm chỉ tiêu; kết quả không hợp lệ không dùng xét tuyển.","verified"
"CTQ-S051","Đề Toán thi lại ở Tuyên Quang có dạng bài giống đợt 1","https://vnexpress.net/de-toan-thi-lai-o-chuyen-tuyen-quang-so-voi-dot-1-nhu-the-nao-5109255.html","news","VnExpress","Le Nguyen; Duong Tam","2026-08-14","2026-10-02","professional_media","secondary","ctq","t5 test-comparability evidence","Bài báo dẫn giáo viên nhận định cấu trúc đề tương đồng nhưng phần phân hóa điểm cao có thể khó hơn; không phải nghiên cứu cân bằng đề.","verified"
"CTQ-S052","Tuyên Quang Lều Chõng cho hết vào đây, lập thread ngoài KIA","https://voz.vn/t/tuyen-quang-leu-chong-cho-het-vao-day-lap-thread-ngoai-kia.1271652/page-49","social","VOZ","VOZ participants","2026-08-19","2026-10-02","public","primary","ctq","t5 denominator and subgroup interpretation","Thảo luận công khai phân biệt điểm trung bình Toán toàn trường 6,24 với lớp chuyên Toán 7,38; số liệu đã đối chiếu nguồn thống kê.","verified"
"CTQ-S053","Thông tư số 06/2026/TT-BGDĐT ban hành Quy chế tuyển sinh các ngành đào tạo trình độ đại học và ngành Giáo dục Mầm non trình độ cao đẳng","https://vanban.chinhphu.vn/?classid=1&docid=217071&orggroupid=4&pageid=27160","official_document","Ministry of Education and Training","Nguyen Van Phuc","2026-02-15","2026-10-02","authoritative","primary","ctq","t5 governing university-admission rules","Thông tư gốc có hiệu lực trong vụ việc, quy định nguyên tắc và quy trình tuyển sinh; phải viện dẫn đúng điều khoản áp dụng.","verified"
"CTQ-S054","Báo cáo phân tích thống kê kết quả điểm thi lần 2 của Trường THPT Chuyên Tuyên Quang","https://bcp.cdnchinhphu.vn/334894974524682240/2026/8/19/bao-cao-thong-ke-lan2-presentation-final-17871051166251817082776.pdf","official_document","Ministry of Education and Training via Government Electronic Newspaper","Ministry of Education and Training","2026-08-19","2026-10-02","authoritative","primary","ctq","t5 official retest distribution","Báo cáo chính thức cung cấp cỡ mẫu, trung bình, trung vị, độ phân tán và dải điểm theo môn; là dữ liệu chứng cứ, không phải quy tắc pháp lý.","verified"
"CTQ-S055","Chiều 22.8 sẽ có kết quả xét tuyển ĐH với thí sinh tại chuyên Tuyên Quang","https://thanhnien.vn/chieu-228-se-co-ket-qua-xet-tuyen-dh-voi-thi-sinh-tai-chuyen-tuyen-quang-185260821105204425.htm","news","Thanh Nien","Quy Hien","2026-08-21","2026-10-02","professional_media","secondary","ctq","t5 post-retest admissions implementation","Bản tin về quy trình xét tuyển sau thi lại theo ngưỡng đã công bố và các phương thức độc lập; Công văn 5615 gốc chưa được tìm thấy trên máy chủ Bộ.","verified"
"CTQ-S056","Thi lại tốt nghiệp tại Tuyên Quang: Kết quả phản ánh sát năng lực thí sinh","https://www.vietnamplus.vn/thi-lai-tot-nghiep-tai-tuyen-quang-ket-qua-phan-anh-sat-nang-luc-thi-sinh-post1131087.vnp","news","VietnamPlus / Vietnam News Agency","","2026-08-19","2026-10-02","professional_media","secondary","ctq","t5 interpretation of invalid and replacement results","Bài báo dẫn chuyên gia đánh giá độ tin cậy của kết quả lần hai và phản đối dùng kết quả lần đầu đã hủy làm chuẩn trực tiếp về năng lực.","verified"
