"final_arg_id","candidate_id","arg_type","premise","rule","conclusion","source_ids","source_type","introduced_at","temporal_role","potential_relation_type","transition_targets","selection_score","selection_reason"
"CTQ-A001","CTQ-C003","A_K","Phát sinh tình huống đặc biệt trong tổ chức kỳ thi cần cơ quan có thẩm quyền cấp quốc gia xử lý.","Điểm c khoản 2 Điều 7 Quy chế cho phép Ban Chỉ đạo thi cấp quốc gia quyết định hình thức xử lý phù hợp và, trong trường hợp đặc biệt, trình Bộ trưởng quyết định đình chỉ hoạt động thi hoặc tổ chức thi lại tại một số Hội đồng thi hoặc trong cả nước.","Ban Chỉ đạo thi cấp quốc gia có thẩm quyền theo Quy chế để quyết định hoặc trình quyết định tổ chức thi lại khi vụ việc thuộc trường hợp đặc biệt.","CTQ-S018;CTQ-S024","official_document","t1","stable_reference","support","t1->t2;t3->t4","42","Giữ quy tắc thẩm quyền nền tảng và hỗ trợ chuyển tiếp từ đề xuất sang quyết định."
"CTQ-A002","CTQ-C016","A_D","Ngày 1-2/7, Bộ GDĐT ghi nhận phổ điểm Toán bất thường và cử đoàn công tác xác minh, nhưng chưa kết luận có sai phạm.","","Ở t1, lập trường có căn cứ là khẩn trương xác minh và chưa kết luận trước khi có chứng cứ.","CTQ-S031","authority_statement","t1","initial_state","both","t1->t2","43","Giữ lập trường thận trọng ở t1, ngăn suy diễn từ bất thường thống kê."
"CTQ-A003","CTQ-C017","A_D","Điểm trung bình Toán và số điểm 10 của CTQ cao vượt đáng kể so với 21 trường chuyên được báo chí đối sánh.","","Kết quả ban đầu tạo nghi vấn hợp lý vượt quá lời giải thích rằng học sinh trường chuyên giỏi nên đương nhiên đạt mức điểm đó.","CTQ-S032","news","t1","initial_state","both","t1->t2","43","Đại diện nghi vấn thống kê dựa trên đối sánh trường chuyên."
"CTQ-A004","CTQ-C018","A_D","Ban Chỉ đạo thi tỉnh ban đầu cho biết chưa phát hiện sai sót trong quy trình; CTQ là trường chuyên có học sinh thành tích cao và việc xác minh vẫn tiếp tục.","","Ở t1, cách giải thích lành tính vẫn còn khả dĩ và chưa đủ căn cứ hủy kết quả ban đầu.","CTQ-S033","authority_statement","t1","initial_state","both","t1->t2","43","Bảo toàn quan điểm giải thích lành tính trước khi có chứng cứ sai phạm."
"CTQ-A005","CTQ-C026","A_K","Chỉ thị 20/CT-TTg yêu cầu tổ chức kỳ thi năm 2026 an toàn, nghiêm túc, khách quan, trung thực, công bằng; phân công rõ trách nhiệm và phối hợp bảo đảm an ninh, giám sát.","","Vụ CTQ phải được đánh giá từ t1 theo chuẩn trách nhiệm thể chế của kỳ thi, không chỉ như vấn đề sửa điểm phát sinh về sau.","CTQ-S041","official_document","t1","stable_reference","both","t1->t2","44","Bổ sung chuẩn trách nhiệm thể chế từ văn bản chính thức."
"CTQ-A006","CTQ-C006","A_D","Đến ngày 5/7, cơ quan điều tra xác định thư ký điểm thi đã vào phòng hướng dẫn, nhắc bài môn Toán theo chỉ đạo tạo điều kiện cho thí sinh; ngày 7/7 đã khởi tố bốn bị can.","","Bất thường điểm Toán đã chuyển từ nghi vấn thống kê sang vụ việc có chứng cứ điều tra về sai phạm coi thi.","CTQ-S023","authority_statement","t2","evidence_transition","both","t1->t2;t2->t3","43","Đánh dấu chuyển tiếp cốt lõi từ nghi vấn sang chứng cứ sai phạm coi thi."
"CTQ-A007","CTQ-C007","A_D","Ở t2, điều tra đã nêu sai phạm của người làm công tác thi nhưng chưa xác định đầy đủ thí sinh nào tham gia hoặc hưởng lợi.","","Cần tiếp tục làm rõ trách nhiệm của từng thí sinh, đồng thời xử lý riêng vấn đề khôi phục tính trung thực của kết quả tại điểm thi.","CTQ-S023","authority_statement","t2","evidence_transition","both","t1->t2;t2->t3;t5->t6","43","Phân biệt tính hợp lệ của điểm thi với trách nhiệm cá nhân."
"CTQ-A008","CTQ-C020","A_D","Đánh giá ban đầu của tỉnh nói chưa phát hiện sai sót quy trình, nhưng điều tra sau đó xác định có chỉ đạo tạo điều kiện và hướng dẫn thí sinh trong giờ thi.","","Chứng cứ t2 về sai phạm coi thi phải thay thế nhận định t1 rằng chưa phát hiện sai sót quy trình.","CTQ-S033;CTQ-S023","authority_statement","t2","evidence_update","both","t1->t2","44","Thể hiện xung đột tiền đề và cập nhật chứng cứ theo thời gian."
"CTQ-A009","CTQ-C021","A_D","Ở t2, chứng cứ mới xác lập sai phạm coi thi môn Toán, còn điều tra chưa hoàn tất và chưa xác lập phạm vi tất cả môn, tất cả phòng.","","Tại t2, chứng cứ khi đó chưa đủ để kết luận phải xử lý tất cả môn, dù cần tiếp tục điều tra.","CTQ-S023","authority_statement","t2","evidence_transition","both","t2->t3;t3->t4","43","Giữ giới hạn phạm vi chứng cứ tại t2 trước khi vụ việc mở rộng."
"CTQ-A010","CTQ-C028","A_K","Quy chế hợp nhất giao Trưởng điểm thi, cán bộ coi thi và bộ phận liên quan trách nhiệm tổ chức, giám sát, báo cáo đúng quy định; chứng cứ t2 nêu người làm công tác thi trực tiếp hướng dẫn thí sinh môn Toán.","","Chứng cứ t2 cho phép phân loại vụ việc là sai phạm coi thi dựa trên quy tắc, không còn chỉ là bất thường thống kê.","CTQ-S042;CTQ-S023","official_document;authority_statement","t2","evidence_transition","both","t1->t2;t2->t3","44","Nối chứng cứ điều tra với nghĩa vụ trong Quy chế thi."
"CTQ-A011","CTQ-C001","A_D","Kết quả rà soát của tỉnh xác định khâu coi thi môn Toán có bất thường; điểm Ngữ văn và Ngoại ngữ được đánh giá phù hợp với kết quả học tập, chưa phát hiện dấu hiệu bất thường.","","Đề xuất cho thí sinh tại điểm thi thi lại riêng môn Toán để bảo đảm công bằng, khách quan và quyền lợi chính đáng.","CTQ-S001","news","t3","initial_claim","both","t3->t4","40","Đại diện phương án chỉ thi lại môn Toán ở t3."
"CTQ-A012","CTQ-C002","A_D","Chuyên gia Lê Đông Phương cho rằng sai phạm tại điểm thi có tổ chức và nghiêm trọng; cho thi lại có thể tạo cách xử lý khác với những thí sinh bị hủy kết quả vì vi phạm quy chế.","","Không nên cho thi lại; nên hủy kết quả để xử lý nghiêm minh, sòng phẳng và công bằng với các thí sinh khác.","CTQ-S021","news","t3","initial_claim","both","t3->t4","41","Đại diện quan điểm không thi lại và yêu cầu hủy kết quả."
"CTQ-A013","CTQ-C005","A_D","Nhiều thành viên diễn đàn cho rằng thi lại đồng loạt có thể tạo thêm cơ hội cho người đã gian lận, đồng thời gây áp lực cho thí sinh không liên quan và khác với cách xử lý các vi phạm khác.","","Cần điều tra, xác định người vi phạm để hủy kết quả hoặc xử lý cá nhân thay vì mặc nhiên cho toàn bộ điểm thi thi lại.","CTQ-S022","social","t3","initial_claim","both","t3->t4","38","Bổ sung nguồn xã hội và yêu cầu cá thể hóa trách nhiệm."
"CTQ-A014","CTQ-C036","A_K","Ở t3, tỉnh đã đề nghị thi lại môn Toán nhưng Bộ GDĐT khẳng định chưa quyết định, còn phải căn cứ Quy chế, kết quả xác minh đầy đủ và đánh giá tác động.","","Phương án chỉ thi lại môn Toán vẫn chưa có tính ràng buộc ở t3 trong khi cơ quan có thẩm quyền xem xét hồ sơ chứng cứ và pháp lý rộng hơn.","CTQ-S048;CTQ-S042","official_document;authority_statement","t3","proposal_review","both","t2->t3;t3->t4","44","Làm rõ đề xuất cấp tỉnh chưa phải quyết định có hiệu lực."
"CTQ-A015","CTQ-C004","A_K","Bộ GDĐT công bố sai phạm có tính tập thể, diễn ra trên phạm vi toàn điểm thi, làm kết quả không bảo đảm trung thực, khách quan, công bằng; dữ liệu các môn tại điểm thi đều cao hơn các trường chuyên khác.","","Hủy kết quả thi ban đầu của toàn điểm thi và tổ chức thi lại tất cả các môn là biện pháp khôi phục tính tin cậy của kết quả.","CTQ-S002;CTQ-S004;CTQ-S037;CTQ-S018;CTQ-S024","authority_statement;news;official_document","t4","official_resolution","both","t3->t4;t5->t6","44","Lập luận trung tâm cho quyết định hủy kết quả và thi lại tất cả môn."
"CTQ-A016","CTQ-C008","A_D","Kế hoạch thi lại yêu cầu rà soát nhân sự, tập huấn nghiệp vụ, tăng cường kiểm tra giám sát, kiểm tra thiết bị, phối hợp công an và thông tin trực tiếp cho thí sinh, phụ huynh.","","Các biện pháp bảo đảm được công bố làm tăng độ tin cậy về thủ tục của kỳ thi lại, nhưng vẫn cần bằng chứng chúng đã được thực hiện thực tế.","CTQ-S025","authority_statement","t4","implementation_support","support","t3->t4;t4->t5","41","Đại diện kiểm soát thủ tục và điều kiện tin cậy của kỳ thi lại."
"CTQ-A017","CTQ-C025","A_D","Bộ GDĐT phân biệt CTQ, nơi kết quả toàn điểm thi không còn đủ tin cậy và chưa thể cá thể hóa đầy đủ, với Quảng Trị, nơi đã xác định cụ thể thí sinh và hành vi vi phạm.","","Thi lại tất cả môn tại CTQ có thể được biện minh theo điều kiện áp dụng riêng mà không đòi mọi vụ sai phạm thi cử đều phải xử lý giống nhau.","CTQ-S038","authority_statement","t4","official_justification","both","t3->t4","43","Bổ sung xung đột về khả năng áp dụng và tính tương xứng giữa các vụ việc."
"CTQ-A018","CTQ-C031","A_D","Giữ kết quả đáng ngờ có thể gây bất công cho thí sinh khác; hủy kết quả mà không tổ chức thi lại kịp thời có thể làm thí sinh không vi phạm mất một năm và cơ hội học tập.","","Thi lại tất cả môn dưới kiểm soát tăng cường là thỏa hiệp có thể bảo vệ được giữa việc giữ kết quả không đáng tin và hủy mà không cho cơ hội thay thế kịp thời.","CTQ-S037;CTQ-S046","authority_statement;social","t4","official_resolution","both","t3->t4;t4->t5","41","Cân bằng công bằng với bên thứ ba và cơ hội học tập của thí sinh CTQ."
"CTQ-A019","CTQ-C010","A_D","Điểm Toán lần hai phân tán, khác nhau theo lớp chuyên và được chuyên gia đánh giá tương đối phù hợp với các trường chuyên có điều kiện tương đồng ở phía Bắc.","","Phân bố lần hai có cơ sở để được xem là phản ánh đa dạng năng lực tốt hơn sự tập trung bất thường của điểm Toán lần đầu.","CTQ-S027","news","t5","post_retest_reinterpretation","both","t4->t5","42","Đại diện diễn giải tích cực, có giới hạn, về phân bố điểm lần hai."
"CTQ-A020","CTQ-C011","A_D","Thí sinh thi lại trong bối cảnh áp lực tâm lý nặng, thời gian ôn tập bị gián đoạn và động cơ dự thi có thể khác lần đầu.","","Chênh lệch điểm giữa hai lần thi không đủ để tự nó chứng minh một thí sinh gian lận hoặc đo trực tiếp năng lực thật của thí sinh đó.","CTQ-S009","news","t5","post_retest_counterinterpretation","attack","t4->t5","43","Cảnh báo không suy nguyên nhân hay lỗi cá nhân chỉ từ mức giảm điểm."
"CTQ-A021","CTQ-C040","A_D","Thảo luận công khai phân biệt điểm trung bình Toán 6,24 của toàn điểm thi với điểm trung bình 7,38 của riêng lớp chuyên Toán.","","Khi diễn giải kết quả thi lại phải phân biệt số liệu toàn trường với số liệu lớp chuyên trước khi kết luận về thành tích.","CTQ-S052","social","t5","result_qualification","attack","t4->t5","40","Bổ sung nguồn xã hội và kiểm soát sai lệch mẫu số khi so sánh."
"CTQ-A022","CTQ-C041","A_K","Quy chế tuyển sinh 2026 yêu cầu cơ hội công bằng, đánh giá khách quan đáng tin cậy, xét nguyện vọng hợp lệ và tuyển theo tiêu chí, ngưỡng đã công bố.","","Thí sinh CTQ có kết quả thi lại hợp lệ phải được xét theo chuẩn tuyển sinh 2026 đã công bố, không sử dụng điểm đã hủy.","CTQ-S053;CTQ-S055","official_document;news","t5","official_application","support","t4->t5","44","Giữ quy tắc tuyển sinh chính thức đối với kết quả thay thế hợp lệ."
"CTQ-A023","CTQ-C042","A_D","Báo cáo thống kê lần hai cho thấy phân bố khác nhau rõ giữa các môn về cỡ mẫu, điểm trung bình, độ phân tán và tỷ lệ dưới 5 hoặc từ 8 trở lên.","","Kết quả t5 ủng hộ cách hiểu năng lực đa dạng nhưng không xác định thí sinh nào đã tham gia sai phạm lần đầu.","CTQ-S054","official_document","t5","result_evidence","both","t4->t5;t5->t6","45","Dùng dữ liệu chính thức để thể hiện năng lực phân hóa, không quy lỗi đồng đều."
"CTQ-A024","CTQ-C013","A_D","Kết quả điều tra tháng 10 nêu việc tạo điều kiện diễn ra ở tất cả phòng thi và tất cả môn: xếp chỗ, nới lỏng coi thi, để thí sinh trao đổi, giáo viên giải bài và hướng dẫn đáp án.","","Kết quả lần đầu không đáng tin cậy trên toàn điểm thi và tất cả môn, không chỉ riêng môn Toán.","CTQ-S029;CTQ-S030","authority_statement;news","t6","late_evidence","both","t5->t6","45","Lập luận cốt lõi về phạm vi sai phạm toàn điểm, tất cả môn ở t6."
"CTQ-A025","CTQ-C015","A_D","Ở t6, điều tra nêu sai phạm trên toàn môi trường thi; chính sách tuyển sinh của Bộ chỉ bảo vệ quyền của thí sinh có kết quả hợp lệ và vẫn xử lý vi phạm cá nhân theo chứng cứ.","","Dù phạm vi điều tra đã mở rộng, chế tài đối với từng thí sinh vẫn phải dựa trên chứng cứ riêng; thi lại toàn điểm vẫn có thể là biện pháp khôi phục tính toàn vẹn.","CTQ-S026;CTQ-S030","news","t6","late_qualification","both","t5->t6","42","Giữ phân biệt giữa biện pháp toàn điểm và chế tài cá nhân."
"CTQ-A026","CTQ-C033","A_D","Thông tin ban đầu cấp quốc gia và địa phương nói chưa phát hiện gian lận có tổ chức, kỳ thi an toàn; đến t6, điều tra nêu sai phạm ở tất cả phòng và môn tại CTQ.","","Ở t6, tường thuật an toàn ban đầu không còn là căn cứ tin cậy để đánh giá CTQ; vụ việc phải được hiểu là thất bại phát hiện trên toàn điểm thi.","CTQ-S043;CTQ-S044;CTQ-S029;CTQ-S030","authority_statement;news","t6","late_revision","both","t1->t2;t5->t6","43","Thể hiện xung đột thời gian giữa bảo đảm an toàn ban đầu và chứng cứ t6."
"CTQ-A027","CTQ-C034","A_D","Ở t6, cơ quan chức năng công bố 41 bị can và sai phạm ở tất cả phòng, tất cả môn, nhưng vụ án vẫn đang điều tra và trạng thái tố tụng là khởi tố, chưa xét xử cuối cùng.","","Có thể mở rộng mô hình vụ việc theo chứng cứ t6, còn kết luận tội phạm cá nhân phải để ở trạng thái tạm thời cho đến khi xét xử.","CTQ-S029;CTQ-S030","authority_statement;news","t6","late_qualification","attack","t5->t6","44","Giữ giới hạn tố tụng: khởi tố không phải kết tội cuối cùng."
