"relation_id","case_id","source_arg","target_arg","relation_type","conflict_type","introduced_at","valid_from","valid_to","evidence_sources","confidence","notes"
"CTQ-R001","ctq","CTQ-A001","CTQ-A014","support","","t3","2026-07-09","","CTQ-S018;CTQ-S024;CTQ-S042;CTQ-S048","high","Quy tắc thẩm quyền hỗ trợ nhận định đề xuất cấp tỉnh chưa có hiệu lực ràng buộc."
"CTQ-R002","ctq","CTQ-A001","CTQ-A015","support","","t4","2026-08-04","","CTQ-S018;CTQ-S024;CTQ-S002;CTQ-S004;CTQ-S037","high","Quy tắc thi lại trong trường hợp đặc biệt hỗ trợ thẩm quyền của biện pháp ở t4."
"CTQ-R003","ctq","CTQ-A005","CTQ-A010","support","","t2","2026-07-05","","CTQ-S041;CTQ-S042;CTQ-S023","high","Chuẩn liêm chính thể chế hỗ trợ việc phân loại hành vi t2 theo nghĩa vụ coi thi."
"CTQ-R004","ctq","CTQ-A006","CTQ-A010","support","","t2","2026-07-05","","CTQ-S023;CTQ-S042","high","Chứng cứ hành vi cung cấp tiền đề thực tế cho lập luận áp dụng Quy chế."
"CTQ-R005","ctq","CTQ-A006","CTQ-A011","support","","t3","2026-07-09","","CTQ-S023;CTQ-S001","medium","Chứng cứ t2 tập trung vào môn Toán hỗ trợ có giới hạn cho đề xuất thi lại môn Toán ở t3."
"CTQ-R006","ctq","CTQ-A007","CTQ-A013","support","","t3","2026-07-09","","CTQ-S023;CTQ-S022","medium","Phân biệt tính hợp lệ của kỳ thi với lỗi cá nhân hỗ trợ yêu cầu cá thể hóa trách nhiệm."
"CTQ-R007","ctq","CTQ-A009","CTQ-A011","support","","t3","2026-07-09","","CTQ-S023;CTQ-S001","medium","Giới hạn phạm vi chứng cứ ở t2 hỗ trợ tạm thời cho biện pháp chỉ nhắm môn Toán."
"CTQ-R008","ctq","CTQ-A010","CTQ-A015","support","","t4","2026-08-04","","CTQ-S042;CTQ-S023;CTQ-S002;CTQ-S004;CTQ-S037","high","Việc phân loại vụ việc là sai phạm coi thi hỗ trợ nhu cầu khôi phục độ tin cậy của kết quả."
"CTQ-R009","ctq","CTQ-A014","CTQ-A015","support","","t4","2026-08-04","","CTQ-S042;CTQ-S048;CTQ-S002;CTQ-S004;CTQ-S037","high","Lập luận thủ tục ở t3 hỗ trợ vai trò quyết định của cơ quan quốc gia tại t4."
"CTQ-R010","ctq","CTQ-A016","CTQ-A018","support","","t4","2026-08-04","","CTQ-S025;CTQ-S037;CTQ-S046","medium","Kiểm soát tăng cường là điều kiện thực tế cho phương án thỏa hiệp bằng thi lại."
"CTQ-R011","ctq","CTQ-A016","CTQ-A019","support","","t5","2026-08-19","","CTQ-S025;CTQ-S027","medium","Thiết kế kiểm soát tăng cường hỗ trợ có giới hạn cho việc diễn giải kết quả lần hai là đáng tin cậy hơn."
"CTQ-R012","ctq","CTQ-A017","CTQ-A015","support","","t4","2026-08-04","","CTQ-S038;CTQ-S002;CTQ-S004;CTQ-S037","medium","Khác biệt về phạm vi và khả năng cá thể hóa hỗ trợ tính áp dụng riêng của biện pháp CTQ."
"CTQ-R013","ctq","CTQ-A018","CTQ-A015","support","","t4","2026-08-04","","CTQ-S037;CTQ-S046;CTQ-S002;CTQ-S004","medium","Cân bằng lợi ích cung cấp lý do tương xứng cho quyết định thi lại toàn bộ."
"CTQ-R014","ctq","CTQ-A023","CTQ-A019","support","","t5","2026-08-19","","CTQ-S054;CTQ-S027","medium","Phân bố chính thức theo môn hỗ trợ có giới hạn cho diễn giải về năng lực phân hóa."
"CTQ-R015","ctq","CTQ-A020","CTQ-A025","support","","t6","2026-10-01","","CTQ-S009;CTQ-S026;CTQ-S030","medium","Giới hạn suy luận từ điểm số hỗ trợ yêu cầu chứng cứ riêng khi xử lý từng thí sinh."
"CTQ-R016","ctq","CTQ-A022","CTQ-A025","support","","t6","2026-10-01","","CTQ-S053;CTQ-S055;CTQ-S026;CTQ-S030","medium","Quy tắc dùng kết quả hợp lệ hỗ trợ phân biệt quyền tuyển sinh với chế tài cá nhân."
"CTQ-R017","ctq","CTQ-A023","CTQ-A025","support","","t6","2026-10-01","","CTQ-S054;CTQ-S026;CTQ-S030","medium","Dữ liệu năng lực phân hóa hỗ trợ cảnh báo không quy lỗi đồng đều cho mọi thí sinh."
"CTQ-R018","ctq","CTQ-A024","CTQ-A015","support","","t6","2026-10-01","","CTQ-S029;CTQ-S030;CTQ-S002;CTQ-S004;CTQ-S037","high","Chứng cứ t6 về phạm vi toàn điểm và tất cả môn hỗ trợ hồi cứu cho biện pháp rộng ở t4."
"CTQ-R019","ctq","CTQ-A024","CTQ-A025","support","","t6","2026-10-01","","CTQ-S029;CTQ-S030;CTQ-S026","high","Phạm vi sai phạm hệ thống hỗ trợ thay thế kết quả toàn điểm nhưng không tự quy lỗi từng người."
"CTQ-R020","ctq","CTQ-A027","CTQ-A025","support","","t6","2026-10-01","","CTQ-S029;CTQ-S030;CTQ-S026","high","Giới hạn tố tụng hỗ trợ yêu cầu chứng cứ riêng trước khi áp dụng chế tài cá nhân."
"CTQ-R021","ctq","CTQ-A003","CTQ-A004","attack","premise_conflict","t1","2026-07-01","","CTQ-S032;CTQ-S033","medium","Đối sánh thống kê làm suy yếu tiền đề giải thích bất thường chỉ bằng chất lượng trường chuyên."
"CTQ-R022","ctq","CTQ-A006","CTQ-A004","attack","premise_conflict","t2","2026-07-05","","CTQ-S023;CTQ-S033","high","Chứng cứ can thiệp coi thi trực tiếp xung đột với nhận định sơ bộ chưa phát hiện sai sót."
"CTQ-R023","ctq","CTQ-A008","CTQ-A004","attack","temporal_conflict","t2","2026-07-05","","CTQ-S033;CTQ-S023","high","Cập nhật chứng cứ t2 thay thế đánh giá phủ định sơ bộ ở t1."
"CTQ-R024","ctq","CTQ-A011","CTQ-A015","attack","conclusion_conflict","t4","2026-08-04","","CTQ-S001;CTQ-S002;CTQ-S004;CTQ-S037","high","Phương án chỉ thi lại Toán xung đột với biện pháp thi lại tất cả môn."
"CTQ-R025","ctq","CTQ-A012","CTQ-A015","attack","conclusion_conflict","t4","2026-08-04","","CTQ-S021;CTQ-S002;CTQ-S004;CTQ-S037","high","Kết luận không thi lại xung đột với quyết định tổ chức thi lại toàn bộ."
"CTQ-R026","ctq","CTQ-A013","CTQ-A015","attack","applicability_conflict","t4","2026-08-04","","CTQ-S022;CTQ-S002;CTQ-S004;CTQ-S037","medium","Yêu cầu chỉ xử lý cá nhân đặt vấn đề về khả năng áp dụng biện pháp toàn điểm."
"CTQ-R027","ctq","CTQ-A014","CTQ-A011","attack","authority_conflict","t3","2026-07-09","","CTQ-S042;CTQ-S048;CTQ-S001","high","Đề xuất cấp tỉnh không có thẩm quyền ràng buộc như quyết định của cơ quan quốc gia."
"CTQ-R028","ctq","CTQ-A017","CTQ-A012","attack","applicability_conflict","t4","2026-08-04","","CTQ-S038;CTQ-S021","medium","Khác biệt về phạm vi và khả năng cá thể hóa làm yếu phép so sánh đòi xử lý CTQ giống vụ khác."
"CTQ-R029","ctq","CTQ-A024","CTQ-A011","attack","premise_conflict","t6","2026-10-01","","CTQ-S029;CTQ-S030;CTQ-S001","high","Chứng cứ tất cả môn ở t6 xung đột với tiền đề phạm vi chỉ môn Toán."
"CTQ-R030","ctq","CTQ-A024","CTQ-A009","attack","temporal_conflict","t6","2026-10-01","","CTQ-S029;CTQ-S030;CTQ-S023","high","Chứng cứ t6 làm giới hạn phạm vi t2 không còn áp dụng cho đánh giá sau này."
"CTQ-R031","ctq","CTQ-A026","CTQ-A004","attack","temporal_conflict","t6","2026-10-01","","CTQ-S043;CTQ-S044;CTQ-S029;CTQ-S030;CTQ-S033","high","Phát hiện cụ thể ở t6 làm tường thuật an toàn ban đầu không còn phù hợp để đánh giá CTQ."
