"arg_id","case_id","arg_type","premise","premise_sources","premise_time","rule","rule_sources","valid_from","valid_to","conclusion","conclusion_sources","conclusion_time","introduced_at","active_until","notes"
"CTQ-A001","ctq","A_K","Phát sinh tình huống đặc biệt trong tổ chức kỳ thi cần cơ quan có thẩm quyền cấp quốc gia xử lý.","CTQ-S018","","Điểm c khoản 2 Điều 7 Quy chế cho phép Ban Chỉ đạo thi cấp quốc gia quyết định hình thức xử lý phù hợp và, trong trường hợp đặc biệt, trình Bộ trưởng quyết định đình chỉ hoạt động thi hoặc tổ chức thi lại tại một số Hội đồng thi hoặc trong cả nước.","CTQ-S018;CTQ-S024","2026-04-24","","Ban Chỉ đạo thi cấp quốc gia có thẩm quyền theo Quy chế để quyết định hoặc trình quyết định tổ chức thi lại khi vụ việc thuộc trường hợp đặc biệt.","CTQ-S018","","t1","","Tái trích xuất trực tiếp từ CTQ-S018 và đối chiếu CTQ-S024. Việc CTQ có đáp ứng ngưỡng trường hợp đặc biệt hay không vẫn là vấn đề áp dụng; t1 phản ánh quy tắc đã tồn tại trước vụ việc. Ứng viên gốc: CTQ-C003; điểm chọn: 42/45. Lý do chọn: Giữ quy tắc thẩm quyền nền tảng và hỗ trợ chuyển tiếp từ đề xuất sang quyết định."
"CTQ-A002","ctq","A_D","Ngày 1-2/7, Bộ GDĐT ghi nhận phổ điểm Toán bất thường và cử đoàn công tác xác minh, nhưng chưa kết luận có sai phạm.","CTQ-S031","2026-07-01 to 2026-07-02","","","","","Ở t1, lập trường có căn cứ là khẩn trương xác minh và chưa kết luận trước khi có chứng cứ.","CTQ-S031","2026-07-02","t1","t2","Tái trích xuất từ CTQ-S031. Đây là phát biểu Bộ được VTV dẫn lại, có giá trị ngăn việc hồi chiếu chứng cứ t2 về t1. Ứng viên gốc: CTQ-C016; điểm chọn: 43/45. Lý do chọn: Giữ lập trường thận trọng ở t1, ngăn suy diễn từ bất thường thống kê. Quy tắc suy luận không được lưu ở trường rule canonical."
"CTQ-A003","ctq","A_D","Điểm trung bình Toán và số điểm 10 của CTQ cao vượt đáng kể so với 21 trường chuyên được báo chí đối sánh.","CTQ-S032","2026-07-01 to 2026-07-03","","","","","Kết quả ban đầu tạo nghi vấn hợp lý vượt quá lời giải thích rằng học sinh trường chuyên giỏi nên đương nhiên đạt mức điểm đó.","CTQ-S032","2026-07-03","t1","","Tái trích xuất từ CTQ-S032. Chưa tái lập độc lập cách chọn nhóm đối sánh hay phép tính; dữ liệu chỉ tạo nghi vấn, không chỉ ra sai phạm. Ứng viên gốc: CTQ-C017; điểm chọn: 43/45. Lý do chọn: Đại diện nghi vấn thống kê dựa trên đối sánh trường chuyên. Quy tắc suy luận không được lưu ở trường rule canonical."
"CTQ-A004","ctq","A_D","Ban Chỉ đạo thi tỉnh ban đầu cho biết chưa phát hiện sai sót trong quy trình; CTQ là trường chuyên có học sinh thành tích cao và việc xác minh vẫn tiếp tục.","CTQ-S033","2026-07-03 to 2026-07-04","","","","","Ở t1, cách giải thích lành tính vẫn còn khả dĩ và chưa đủ căn cứ hủy kết quả ban đầu.","CTQ-S033","2026-07-04","t1","t2","Tái trích xuất từ CTQ-S033. Đây là kết luận sơ bộ được báo chí dẫn và bị chứng cứ t2 làm suy yếu; dữ liệu không xác nhận nó là đúng. Ứng viên gốc: CTQ-C018; điểm chọn: 43/45. Lý do chọn: Bảo toàn quan điểm giải thích lành tính trước khi có chứng cứ sai phạm. Quy tắc suy luận không được lưu ở trường rule canonical."
"CTQ-A005","ctq","A_K","Chỉ thị 20/CT-TTg yêu cầu tổ chức kỳ thi năm 2026 an toàn, nghiêm túc, khách quan, trung thực, công bằng; phân công rõ trách nhiệm và phối hợp bảo đảm an ninh, giám sát.","CTQ-S041","2026-05-18","","","2026-05-18","","Vụ CTQ phải được đánh giá từ t1 theo chuẩn trách nhiệm thể chế của kỳ thi, không chỉ như vấn đề sửa điểm phát sinh về sau.","CTQ-S041","2026-05-18","t1","","Tái trích xuất từ CTQ-S041. Chỉ thị xác lập nhiệm vụ và mục tiêu, không tự chứng minh CTQ đã vi phạm từng nghĩa vụ. Ứng viên gốc: CTQ-C026; điểm chọn: 44/45. Lý do chọn: Bổ sung chuẩn trách nhiệm thể chế từ văn bản chính thức. Quy tắc suy luận không được lưu ở trường rule canonical."
"CTQ-A006","ctq","A_D","Đến ngày 5/7, cơ quan điều tra xác định thư ký điểm thi đã vào phòng hướng dẫn, nhắc bài môn Toán theo chỉ đạo tạo điều kiện cho thí sinh; ngày 7/7 đã khởi tố bốn bị can.","CTQ-S023","2026-07-05 to 2026-07-07","","","","","Bất thường điểm Toán đã chuyển từ nghi vấn thống kê sang vụ việc có chứng cứ điều tra về sai phạm coi thi.","CTQ-S023","2026-07-07","t2","","Tái trích xuất từ CTQ-S023. Các hành vi thuộc giai đoạn t2; quyết định khởi tố không đồng nghĩa với bản án có hiệu lực. Ứng viên gốc: CTQ-C006; điểm chọn: 43/45. Lý do chọn: Đánh dấu chuyển tiếp cốt lõi từ nghi vấn sang chứng cứ sai phạm coi thi. Quy tắc suy luận không được lưu ở trường rule canonical."
"CTQ-A007","ctq","A_D","Ở t2, điều tra đã nêu sai phạm của người làm công tác thi nhưng chưa xác định đầy đủ thí sinh nào tham gia hoặc hưởng lợi.","CTQ-S023","2026-07-05 to 2026-07-07","","","","","Cần tiếp tục làm rõ trách nhiệm của từng thí sinh, đồng thời xử lý riêng vấn đề khôi phục tính trung thực của kết quả tại điểm thi.","CTQ-S023","2026-07-07","t2","","Tái trích xuất từ CTQ-S023. Phân biệt hai tầng trách nhiệm là suy luận phân tích phù hợp với yêu cầu xử lý đúng người, đúng hành vi, không phải kết luận đã được cơ quan điều tra chấp nhận. Ứng viên gốc: CTQ-C007; điểm chọn: 43/45. Lý do chọn: Phân biệt tính hợp lệ của điểm thi với trách nhiệm cá nhân. Quy tắc suy luận không được lưu ở trường rule canonical."
"CTQ-A008","ctq","A_D","Đánh giá ban đầu của tỉnh nói chưa phát hiện sai sót quy trình, nhưng điều tra sau đó xác định có chỉ đạo tạo điều kiện và hướng dẫn thí sinh trong giờ thi.","CTQ-S033;CTQ-S023","2026-07-04 to 2026-07-07","","","","","Chứng cứ t2 về sai phạm coi thi phải thay thế nhận định t1 rằng chưa phát hiện sai sót quy trình.","CTQ-S023","2026-07-07","t2","","Tái trích xuất từ CTQ-S033 và S023. Đây là xung đột tiền đề theo thời gian giữa hai tuyên bố thẩm quyền, trong đó phát hiện sau cụ thể hơn nhưng vẫn ở giai đoạn điều tra. Ứng viên gốc: CTQ-C020; điểm chọn: 44/45. Lý do chọn: Thể hiện xung đột tiền đề và cập nhật chứng cứ theo thời gian. Quy tắc suy luận không được lưu ở trường rule canonical."
"CTQ-A009","ctq","A_D","Ở t2, chứng cứ mới xác lập sai phạm coi thi môn Toán, còn điều tra chưa hoàn tất và chưa xác lập phạm vi tất cả môn, tất cả phòng.","CTQ-S023","2026-07-05 to 2026-07-07","","","","","Tại t2, chứng cứ khi đó chưa đủ để kết luận phải xử lý tất cả môn, dù cần tiếp tục điều tra.","CTQ-S023","2026-07-07","t2","t4","Tái trích xuất từ CTQ-S023. Kết luận chỉ có hiệu lực theo thời điểm, không phủ nhận quyết định sau khi xuất hiện chứng cứ rộng hơn. Ứng viên gốc: CTQ-C021; điểm chọn: 43/45. Lý do chọn: Giữ giới hạn phạm vi chứng cứ tại t2 trước khi vụ việc mở rộng. Quy tắc suy luận không được lưu ở trường rule canonical."
"CTQ-A010","ctq","A_K","Quy chế hợp nhất giao Trưởng điểm thi, cán bộ coi thi và bộ phận liên quan trách nhiệm tổ chức, giám sát, báo cáo đúng quy định; chứng cứ t2 nêu người làm công tác thi trực tiếp hướng dẫn thí sinh môn Toán.","CTQ-S042;CTQ-S023","2026-04-17 to 2026-07-07","","","2026-04-24","","Chứng cứ t2 cho phép phân loại vụ việc là sai phạm coi thi dựa trên quy tắc, không còn chỉ là bất thường thống kê.","CTQ-S042;CTQ-S023","2026-07-07","t2","","Tái trích xuất từ CTQ-S042 và S023. Quy chế là nguồn thẩm quyền; hành vi vẫn là kết quả điều tra, chưa phải bản án hình sự cuối cùng. Ứng viên gốc: CTQ-C028; điểm chọn: 44/45. Lý do chọn: Nối chứng cứ điều tra với nghĩa vụ trong Quy chế thi. Quy tắc suy luận không được lưu ở trường rule canonical."
"CTQ-A011","ctq","A_D","Kết quả rà soát của tỉnh xác định khâu coi thi môn Toán có bất thường; điểm Ngữ văn và Ngoại ngữ được đánh giá phù hợp với kết quả học tập, chưa phát hiện dấu hiệu bất thường.","CTQ-S001","2026-07-09","","","","","Đề xuất cho thí sinh tại điểm thi thi lại riêng môn Toán để bảo đảm công bằng, khách quan và quyền lợi chính đáng.","CTQ-S001","2026-07-09","t3","t4","Tái trích xuất từ CTQ-S001. Đây là đề xuất của Sở được báo chí dẫn lại, chưa phải quyết định có hiệu lực; quy tắc nối không được nguồn nêu rõ nên để trống. Ứng viên gốc: CTQ-C001; điểm chọn: 40/45. Lý do chọn: Đại diện phương án chỉ thi lại môn Toán ở t3."
"CTQ-A012","ctq","A_D","Chuyên gia Lê Đông Phương cho rằng sai phạm tại điểm thi có tổ chức và nghiêm trọng; cho thi lại có thể tạo cách xử lý khác với những thí sinh bị hủy kết quả vì vi phạm quy chế.","CTQ-S021","2026-07-10","","","","","Không nên cho thi lại; nên hủy kết quả để xử lý nghiêm minh, sòng phẳng và công bằng với các thí sinh khác.","CTQ-S021","2026-07-10","t3","","Tái trích xuất từ phát biểu được CTQ-S021 dẫn. Đây là quan điểm chuyên gia, không phải kết luận pháp lý; nhận định thi lại chỉ dành cho bất khả kháng mâu thuẫn với phạm vi rộng hơn của Điều 7(2)(c) và cần thẩm tra pháp lý. Ứng viên gốc: CTQ-C002; điểm chọn: 41/45. Lý do chọn: Đại diện quan điểm không thi lại và yêu cầu hủy kết quả. Quy tắc suy luận không được lưu ở trường rule canonical."
"CTQ-A013","ctq","A_D","Nhiều thành viên diễn đàn cho rằng thi lại đồng loạt có thể tạo thêm cơ hội cho người đã gian lận, đồng thời gây áp lực cho thí sinh không liên quan và khác với cách xử lý các vi phạm khác.","CTQ-S022","2026-07-09","","","","","Cần điều tra, xác định người vi phạm để hủy kết quả hoặc xử lý cá nhân thay vì mặc nhiên cho toàn bộ điểm thi thi lại.","CTQ-S022","2026-07-09","t3","","Tái trích xuất từ các bình luận công khai tại CTQ-S022; đã loại bỏ ngôn từ xúc phạm và các cáo buộc không có chứng cứ. Nguồn xã hội có thẩm quyền thấp. Ứng viên gốc: CTQ-C005; điểm chọn: 38/45. Lý do chọn: Bổ sung nguồn xã hội và yêu cầu cá thể hóa trách nhiệm. Quy tắc suy luận không được lưu ở trường rule canonical."
"CTQ-A014","ctq","A_K","Ở t3, tỉnh đã đề nghị thi lại môn Toán nhưng Bộ GDĐT khẳng định chưa quyết định, còn phải căn cứ Quy chế, kết quả xác minh đầy đủ và đánh giá tác động.","CTQ-S048;CTQ-S042","2026-07-09","","","2026-04-24","","Phương án chỉ thi lại môn Toán vẫn chưa có tính ràng buộc ở t3 trong khi cơ quan có thẩm quyền xem xét hồ sơ chứng cứ và pháp lý rộng hơn.","CTQ-S048;CTQ-S042","2026-07-09","t3","t4","Tái trích xuất từ CTQ-S048 và quy tắc tại CTQ-S042. Lập luận về hiệu lực thủ tục, không kết luận đề xuất có công bằng về nội dung hay không. Ứng viên gốc: CTQ-C036; điểm chọn: 44/45. Lý do chọn: Làm rõ đề xuất cấp tỉnh chưa phải quyết định có hiệu lực. Quy tắc suy luận không được lưu ở trường rule canonical."
"CTQ-A015","ctq","A_K","Bộ GDĐT công bố sai phạm có tính tập thể, diễn ra trên phạm vi toàn điểm thi, làm kết quả không bảo đảm trung thực, khách quan, công bằng; dữ liệu các môn tại điểm thi đều cao hơn các trường chuyên khác.","CTQ-S002;CTQ-S004;CTQ-S037","2026-08-05","","","2026-04-24","","Hủy kết quả thi ban đầu của toàn điểm thi và tổ chức thi lại tất cả các môn là biện pháp khôi phục tính tin cậy của kết quả.","CTQ-S002;CTQ-S004;CTQ-S037","2026-08-05","t4","","Tái trích xuất từ CTQ-S002, S004, S037 và quy tắc tại S018/S024. Chưa tìm thấy bản gốc Quyết định 2288 nên nội dung quyết định không được coi là chứng cứ văn bản gốc. Ứng viên gốc: CTQ-C004; điểm chọn: 44/45. Lý do chọn: Lập luận trung tâm cho quyết định hủy kết quả và thi lại tất cả môn. Quy tắc suy luận không được lưu ở trường rule canonical."
"CTQ-A016","ctq","A_D","Kế hoạch thi lại yêu cầu rà soát nhân sự, tập huấn nghiệp vụ, tăng cường kiểm tra giám sát, kiểm tra thiết bị, phối hợp công an và thông tin trực tiếp cho thí sinh, phụ huynh.","CTQ-S025","2026-08-08 to 2026-08-15","","","","","Các biện pháp bảo đảm được công bố làm tăng độ tin cậy về thủ tục của kỳ thi lại, nhưng vẫn cần bằng chứng chúng đã được thực hiện thực tế.","CTQ-S025","2026-08-14","t4","","Tái trích xuất từ CTQ-S025. Nguồn là bản tin cơ quan về chỉ đạo trong Thông báo 167/TB-UBND, không phải báo cáo kiểm toán việc thực hiện. Ứng viên gốc: CTQ-C008; điểm chọn: 41/45. Lý do chọn: Đại diện kiểm soát thủ tục và điều kiện tin cậy của kỳ thi lại. Quy tắc suy luận không được lưu ở trường rule canonical."
"CTQ-A017","ctq","A_D","Bộ GDĐT phân biệt CTQ, nơi kết quả toàn điểm thi không còn đủ tin cậy và chưa thể cá thể hóa đầy đủ, với Quảng Trị, nơi đã xác định cụ thể thí sinh và hành vi vi phạm.","CTQ-S038","2026-08-05 to 2026-08-06","","","","","Thi lại tất cả môn tại CTQ có thể được biện minh theo điều kiện áp dụng riêng mà không đòi mọi vụ sai phạm thi cử đều phải xử lý giống nhau.","CTQ-S038","2026-08-06","t4","","Tái trích xuất từ CTQ-S038. Đây là lý giải của Bộ được báo chí dẫn; mức độ tương đồng thực tế giữa hai vụ chưa được kiểm tra độc lập. Ứng viên gốc: CTQ-C025; điểm chọn: 43/45. Lý do chọn: Bổ sung xung đột về khả năng áp dụng và tính tương xứng giữa các vụ việc. Quy tắc suy luận không được lưu ở trường rule canonical."
"CTQ-A018","ctq","A_D","Giữ kết quả đáng ngờ có thể gây bất công cho thí sinh khác; hủy kết quả mà không tổ chức thi lại kịp thời có thể làm thí sinh không vi phạm mất một năm và cơ hội học tập.","CTQ-S037;CTQ-S046","2026-08-05","","","","","Thi lại tất cả môn dưới kiểm soát tăng cường là thỏa hiệp có thể bảo vệ được giữa việc giữ kết quả không đáng tin và hủy mà không cho cơ hội thay thế kịp thời.","CTQ-S037;CTQ-S046","2026-08-05","t4","t5","Tái trích xuất từ CTQ-S037 và tranh luận công khai CTQ-S046. Nguồn xã hội thể hiện quan điểm đối lập, không xác lập lỗi cá nhân; đây là đánh giá tính tương xứng, không khẳng định phương án duy nhất hợp pháp. Ứng viên gốc: CTQ-C031; điểm chọn: 41/45. Lý do chọn: Cân bằng công bằng với bên thứ ba và cơ hội học tập của thí sinh CTQ. Quy tắc suy luận không được lưu ở trường rule canonical."
"CTQ-A019","ctq","A_D","Điểm Toán lần hai phân tán, khác nhau theo lớp chuyên và được chuyên gia đánh giá tương đối phù hợp với các trường chuyên có điều kiện tương đồng ở phía Bắc.","CTQ-S027","2026-08-19","","","","","Phân bố lần hai có cơ sở để được xem là phản ánh đa dạng năng lực tốt hơn sự tập trung bất thường của điểm Toán lần đầu.","CTQ-S027","2026-08-19","t5","","Tái trích xuất từ CTQ-S027. Đây là diễn giải chuyên gia; không xác định năng lực hay hành vi gian lận của từng cá nhân. Ứng viên gốc: CTQ-C010; điểm chọn: 42/45. Lý do chọn: Đại diện diễn giải tích cực, có giới hạn, về phân bố điểm lần hai. Quy tắc suy luận không được lưu ở trường rule canonical."
"CTQ-A020","ctq","A_D","Thí sinh thi lại trong bối cảnh áp lực tâm lý nặng, thời gian ôn tập bị gián đoạn và động cơ dự thi có thể khác lần đầu.","CTQ-S009","2026-08-19","","","","","Chênh lệch điểm giữa hai lần thi không đủ để tự nó chứng minh một thí sinh gian lận hoặc đo trực tiếp năng lực thật của thí sinh đó.","CTQ-S009","2026-08-19","t5","","Tái trích xuất từ CTQ-S009. Đây là cảnh báo nhân quả của chuyên gia, không phải sự bảo vệ kết quả lần đầu hay phủ nhận sai phạm hệ thống. Ứng viên gốc: CTQ-C011; điểm chọn: 43/45. Lý do chọn: Cảnh báo không suy nguyên nhân hay lỗi cá nhân chỉ từ mức giảm điểm. Quy tắc suy luận không được lưu ở trường rule canonical."
"CTQ-A021","ctq","A_D","Thảo luận công khai phân biệt điểm trung bình Toán 6,24 của toàn điểm thi với điểm trung bình 7,38 của riêng lớp chuyên Toán.","CTQ-S052","2026-08-19","","","","","Khi diễn giải kết quả thi lại phải phân biệt số liệu toàn trường với số liệu lớp chuyên trước khi kết luận về thành tích.","CTQ-S052","2026-08-19","t5","","Tái trích xuất từ CTQ-S052. Hai mức điểm đã được đối chiếu với báo cáo thống kê và bài chuyên gia; không dùng để đánh giá từng cá nhân. Ứng viên gốc: CTQ-C040; điểm chọn: 40/45. Lý do chọn: Bổ sung nguồn xã hội và kiểm soát sai lệch mẫu số khi so sánh. Quy tắc suy luận không được lưu ở trường rule canonical."
"CTQ-A022","ctq","A_K","Quy chế tuyển sinh 2026 yêu cầu cơ hội công bằng, đánh giá khách quan đáng tin cậy, xét nguyện vọng hợp lệ và tuyển theo tiêu chí, ngưỡng đã công bố.","CTQ-S053","2026-02-15","","","2026-02-15","","Thí sinh CTQ có kết quả thi lại hợp lệ phải được xét theo chuẩn tuyển sinh 2026 đã công bố, không sử dụng điểm đã hủy.","CTQ-S053;CTQ-S055","2026-08-21","t5","","Tái trích xuất từ CTQ-S053 và kiểm tra chéo quy trình tại CTQ-S055. Đối xử bình đẳng không bảo đảm trúng tuyển; Công văn 5615 gốc chưa được tìm thấy trên máy chủ Bộ. Ứng viên gốc: CTQ-C041; điểm chọn: 44/45. Lý do chọn: Giữ quy tắc tuyển sinh chính thức đối với kết quả thay thế hợp lệ. Quy tắc suy luận không được lưu ở trường rule canonical."
"CTQ-A023","ctq","A_D","Báo cáo thống kê lần hai cho thấy phân bố khác nhau rõ giữa các môn về cỡ mẫu, điểm trung bình, độ phân tán và tỷ lệ dưới 5 hoặc từ 8 trở lên.","CTQ-S054","2026-08-19","","","","","Kết quả t5 ủng hộ cách hiểu năng lực đa dạng nhưng không xác định thí sinh nào đã tham gia sai phạm lần đầu.","CTQ-S054","2026-08-19","t5","t6","Tái trích xuất trực tiếp từ CTQ-S054. Báo cáo là dữ liệu chứng cứ, không phải mô hình nhân quả; khác biệt phân bố không chứng minh vô tội hay có tội cá nhân. Ứng viên gốc: CTQ-C042; điểm chọn: 45/45. Lý do chọn: Dùng dữ liệu chính thức để thể hiện năng lực phân hóa, không quy lỗi đồng đều. Quy tắc suy luận không được lưu ở trường rule canonical."
"CTQ-A024","ctq","A_D","Kết quả điều tra tháng 10 nêu việc tạo điều kiện diễn ra ở tất cả phòng thi và tất cả môn: xếp chỗ, nới lỏng coi thi, để thí sinh trao đổi, giáo viên giải bài và hướng dẫn đáp án.","CTQ-S029;CTQ-S030","2026-10-01","","","","","Kết quả lần đầu không đáng tin cậy trên toàn điểm thi và tất cả môn, không chỉ riêng môn Toán.","CTQ-S029;CTQ-S030","2026-10-01","t6","","Tái trích xuất từ CTQ-S029 và S030. Đây là thông tin điều tra đang tiếp diễn, chưa phải phán quyết cuối cùng. Ứng viên gốc: CTQ-C013; điểm chọn: 45/45. Lý do chọn: Lập luận cốt lõi về phạm vi sai phạm toàn điểm, tất cả môn ở t6. Quy tắc suy luận không được lưu ở trường rule canonical."
"CTQ-A025","ctq","A_D","Ở t6, điều tra nêu sai phạm trên toàn môi trường thi; chính sách tuyển sinh của Bộ chỉ bảo vệ quyền của thí sinh có kết quả hợp lệ và vẫn xử lý vi phạm cá nhân theo chứng cứ.","CTQ-S026;CTQ-S030","2026-08-19 to 2026-10-01","","","","","Dù phạm vi điều tra đã mở rộng, chế tài đối với từng thí sinh vẫn phải dựa trên chứng cứ riêng; thi lại toàn điểm vẫn có thể là biện pháp khôi phục tính toàn vẹn.","CTQ-S026;CTQ-S030","2026-10-01","t6","","Tái trích xuất tổng hợp từ CTQ-S026 và S030. Lập luận phân biệt phạm vi biện pháp khắc phục với trách nhiệm cá nhân. Ứng viên gốc: CTQ-C015; điểm chọn: 42/45. Lý do chọn: Giữ phân biệt giữa biện pháp toàn điểm và chế tài cá nhân. Quy tắc suy luận không được lưu ở trường rule canonical."
"CTQ-A026","ctq","A_D","Thông tin ban đầu cấp quốc gia và địa phương nói chưa phát hiện gian lận có tổ chức, kỳ thi an toàn; đến t6, điều tra nêu sai phạm ở tất cả phòng và môn tại CTQ.","CTQ-S043;CTQ-S044;CTQ-S029;CTQ-S030","2026-06-12 to 2026-10-01","","","","","Ở t6, tường thuật an toàn ban đầu không còn là căn cứ tin cậy để đánh giá CTQ; vụ việc phải được hiểu là thất bại phát hiện trên toàn điểm thi.","CTQ-S043;CTQ-S044;CTQ-S029;CTQ-S030","2026-10-01","t6","","Tái trích xuất từ CTQ-S043, S044, S029 và S030. Kết luận giới hạn ở CTQ và cập nhật chứng cứ, không cáo buộc che giấu có chủ ý. Ứng viên gốc: CTQ-C033; điểm chọn: 43/45. Lý do chọn: Thể hiện xung đột thời gian giữa bảo đảm an toàn ban đầu và chứng cứ t6. Quy tắc suy luận không được lưu ở trường rule canonical."
"CTQ-A027","ctq","A_D","Ở t6, cơ quan chức năng công bố 41 bị can và sai phạm ở tất cả phòng, tất cả môn, nhưng vụ án vẫn đang điều tra và trạng thái tố tụng là khởi tố, chưa xét xử cuối cùng.","CTQ-S029;CTQ-S030","2026-10-01","","","","","Có thể mở rộng mô hình vụ việc theo chứng cứ t6, còn kết luận tội phạm cá nhân phải để ở trạng thái tạm thời cho đến khi xét xử.","CTQ-S029;CTQ-S030","2026-10-01","t6","","Tái trích xuất từ CTQ-S029 và S030. Giới hạn này không phủ nhận phạm vi thể chế được báo cáo và không biến khởi tố thành kết án. Ứng viên gốc: CTQ-C034; điểm chọn: 44/45. Lý do chọn: Giữ giới hạn tố tụng: khởi tố không phải kết tội cuối cùng. Quy tắc suy luận không được lưu ở trường rule canonical."
