"candidate_id","case_id","arg_type","premise","premise_sources","premise_time","rule","rule_sources","valid_from","valid_to","conclusion","conclusion_sources","conclusion_time","introduced_at","active_until","source_type","argument_theme","temporal_role","potential_relation_type","potential_relation_targets","transition_targets","extraction_confidence","R1","R2","R3","R4","R5","R6","R7","R8","R9","selection_score","selection_status","notes"
"CTQ-C001","ctq","A_D","Kết quả rà soát của tỉnh xác định khâu coi thi môn Toán có bất thường; điểm Ngữ văn và Ngoại ngữ được đánh giá phù hợp với kết quả học tập, chưa phát hiện dấu hiệu bất thường.","CTQ-S001","2026-07-09","","","","","Đề xuất cho thí sinh tại điểm thi thi lại riêng môn Toán để bảo đảm công bằng, khách quan và quyền lợi chính đáng.","CTQ-S001","2026-07-09","t3","t4","news","one-subject vs all-subject retesting","initial_claim","both","CTQ-C002;CTQ-C004;CTQ-C005","t3->t4","high","4","4","5","5","4","4","5","4","5","40","selected","Tái trích xuất từ CTQ-S001. Đây là đề xuất của Sở được báo chí dẫn lại, chưa phải quyết định có hiệu lực; quy tắc nối không được nguồn nêu rõ nên để trống."
"CTQ-C002","ctq","A_D","Chuyên gia Lê Đông Phương cho rằng sai phạm tại điểm thi có tổ chức và nghiêm trọng; cho thi lại có thể tạo cách xử lý khác với những thí sinh bị hủy kết quả vì vi phạm quy chế.","CTQ-S021","2026-07-10","NGẦM ĐỊNH — Các vi phạm thi cử tương đương cần được xử lý nhất quán, không tạo ưu tiên sai lệch cho một nhóm thí sinh.","CTQ-S021","","","Không nên cho thi lại; nên hủy kết quả để xử lý nghiêm minh, sòng phẳng và công bằng với các thí sinh khác.","CTQ-S021","2026-07-10","t3","","news","retesting necessity","initial_claim","both","CTQ-C001;CTQ-C004;CTQ-C005","t3->t4","high","5","4","5","5","4","5","5","4","4","41","selected","Tái trích xuất từ phát biểu được CTQ-S021 dẫn. Đây là quan điểm chuyên gia, không phải kết luận pháp lý; nhận định thi lại chỉ dành cho bất khả kháng mâu thuẫn với phạm vi rộng hơn của Điều 7(2)(c) và cần thẩm tra pháp lý."
"CTQ-C003","ctq","A_K","Phát sinh tình huống đặc biệt trong tổ chức kỳ thi cần cơ quan có thẩm quyền cấp quốc gia xử lý.","CTQ-S018","","Điểm c khoản 2 Điều 7 Quy chế cho phép Ban Chỉ đạo thi cấp quốc gia quyết định hình thức xử lý phù hợp và, trong trường hợp đặc biệt, trình Bộ trưởng quyết định đình chỉ hoạt động thi hoặc tổ chức thi lại tại một số Hội đồng thi hoặc trong cả nước.","CTQ-S018;CTQ-S024","2026-04-24","","Ban Chỉ đạo thi cấp quốc gia có thẩm quyền theo Quy chế để quyết định hoặc trình quyết định tổ chức thi lại khi vụ việc thuộc trường hợp đặc biệt.","CTQ-S018","","t1","","official_document","authority / jurisdiction","stable_reference","support","CTQ-C004;CTQ-C023","t1->t2;t3->t4","high","5","5","4","4","5","5","5","5","4","42","selected","Tái trích xuất trực tiếp từ CTQ-S018 và đối chiếu CTQ-S024. Việc CTQ có đáp ứng ngưỡng trường hợp đặc biệt hay không vẫn là vấn đề áp dụng; t1 phản ánh quy tắc đã tồn tại trước vụ việc."
"CTQ-C004","ctq","A_K","Bộ GDĐT công bố sai phạm có tính tập thể, diễn ra trên phạm vi toàn điểm thi, làm kết quả không bảo đảm trung thực, khách quan, công bằng; dữ liệu các môn tại điểm thi đều cao hơn các trường chuyên khác.","CTQ-S002;CTQ-S004;CTQ-S037","2026-08-05","NGẦM ĐỊNH — Khi sai phạm làm mất độ tin cậy của kết quả trên toàn điểm thi, cơ quan có thẩm quyền có thể quyết định thi lại theo Quy chế.","CTQ-S018;CTQ-S024","2026-04-24","","Hủy kết quả thi ban đầu của toàn điểm thi và tổ chức thi lại tất cả các môn là biện pháp khôi phục tính tin cậy của kết quả.","CTQ-S002;CTQ-S004;CTQ-S037","2026-08-05","t4","","authority_statement;news;official_document","one-subject vs all-subject retesting","official_resolution","both","CTQ-C001;CTQ-C002;CTQ-C003;CTQ-C005;CTQ-C023;CTQ-C025","t3->t4;t5->t6","high","5","4","5","5","5","5","5","5","5","44","selected","Tái trích xuất từ CTQ-S002, S004, S037 và quy tắc tại S018/S024. Chưa tìm thấy bản gốc Quyết định 2288 nên nội dung quyết định không được coi là chứng cứ văn bản gốc."
"CTQ-C005","ctq","A_D","Nhiều thành viên diễn đàn cho rằng thi lại đồng loạt có thể tạo thêm cơ hội cho người đã gian lận, đồng thời gây áp lực cho thí sinh không liên quan và khác với cách xử lý các vi phạm khác.","CTQ-S022","2026-07-09","NGẦM ĐỊNH — Trách nhiệm và chế tài nên được cá thể hóa theo hành vi; các vi phạm tương đương cần được xử lý nhất quán.","CTQ-S022","","","Cần điều tra, xác định người vi phạm để hủy kết quả hoặc xử lý cá nhân thay vì mặc nhiên cho toàn bộ điểm thi thi lại.","CTQ-S022","2026-07-09","t3","","social","fairness","initial_claim","both","CTQ-C001;CTQ-C002;CTQ-C004","t3->t4","medium","4","3","5","4","5","4","4","5","4","38","selected","Tái trích xuất từ các bình luận công khai tại CTQ-S022; đã loại bỏ ngôn từ xúc phạm và các cáo buộc không có chứng cứ. Nguồn xã hội có thẩm quyền thấp."
"CTQ-C006","ctq","A_D","Đến ngày 5/7, cơ quan điều tra xác định thư ký điểm thi đã vào phòng hướng dẫn, nhắc bài môn Toán theo chỉ đạo tạo điều kiện cho thí sinh; ngày 7/7 đã khởi tố bốn bị can.","CTQ-S023","2026-07-05 to 2026-07-07","NGẦM ĐỊNH — Việc người làm công tác thi trực tiếp hỗ trợ thí sinh và chỉ đạo nới lỏng coi thi làm mất tính khách quan của đánh giá.","CTQ-S023","","","Bất thường điểm Toán đã chuyển từ nghi vấn thống kê sang vụ việc có chứng cứ điều tra về sai phạm coi thi.","CTQ-S023","2026-07-07","t2","","authority_statement","misconduct evidence","evidence_transition","both","CTQ-C001;CTQ-C004;CTQ-C018;CTQ-C020","t1->t2;t2->t3","high","5","5","5","5","5","4","5","4","5","43","selected","Tái trích xuất từ CTQ-S023. Các hành vi thuộc giai đoạn t2; quyết định khởi tố không đồng nghĩa với bản án có hiệu lực."
"CTQ-C007","ctq","A_D","Ở t2, điều tra đã nêu sai phạm của người làm công tác thi nhưng chưa xác định đầy đủ thí sinh nào tham gia hoặc hưởng lợi.","CTQ-S023","2026-07-05 to 2026-07-07","NGẦM ĐỊNH — Sai phạm làm mất tính hợp lệ của điểm thi và trách nhiệm cá nhân của từng thí sinh là hai vấn đề khác nhau; chế tài cá nhân cần căn cứ hành vi cụ thể.","CTQ-S023","","","Cần tiếp tục làm rõ trách nhiệm của từng thí sinh, đồng thời xử lý riêng vấn đề khôi phục tính trung thực của kết quả tại điểm thi.","CTQ-S023","2026-07-07","t2","","authority_statement","institutional failure vs individual culpability","evidence_transition","both","CTQ-C002;CTQ-C005;CTQ-C015;CTQ-C021","t1->t2;t2->t3;t5->t6","medium","4","5","5","5","5","5","5","4","5","43","selected","Tái trích xuất từ CTQ-S023. Phân biệt hai tầng trách nhiệm là suy luận phân tích phù hợp với yêu cầu xử lý đúng người, đúng hành vi, không phải kết luận đã được cơ quan điều tra chấp nhận."
"CTQ-C008","ctq","A_D","Kế hoạch thi lại yêu cầu rà soát nhân sự, tập huấn nghiệp vụ, tăng cường kiểm tra giám sát, kiểm tra thiết bị, phối hợp công an và thông tin trực tiếp cho thí sinh, phụ huynh.","CTQ-S025","2026-08-08 to 2026-08-15","NGẦM ĐỊNH — Một kỳ thi thay thế chỉ có độ tin cậy về thủ tục khi các kiểm soát được thiết kế để khắc phục đúng các lỗ hổng coi thi và an ninh đã xảy ra.","CTQ-S025","","","Các biện pháp bảo đảm được công bố làm tăng độ tin cậy về thủ tục của kỳ thi lại, nhưng vẫn cần bằng chứng chúng đã được thực hiện thực tế.","CTQ-S025","2026-08-14","t4","","authority_statement","retest procedural reliability","implementation_support","support","CTQ-C004;CTQ-C009;CTQ-C010;CTQ-C024","t3->t4;t4->t5","high","5","5","4","4","5","5","4","5","4","41","selected","Tái trích xuất từ CTQ-S025. Nguồn là bản tin cơ quan về chỉ đạo trong Thông báo 167/TB-UBND, không phải báo cáo kiểm toán việc thực hiện."
"CTQ-C009","ctq","A_D","Bộ GDĐT giữ nguyên nguyện vọng đã đăng ký, cập nhật riêng kết quả thi lại hợp lệ và yêu cầu thí sinh đáp ứng cùng điều kiện tuyển sinh đã công bố, đồng thời không làm thay đổi kết quả trúng tuyển hợp pháp của thí sinh khác.","CTQ-S026","2026-08-19","NGẦM ĐỊNH — Kết quả hợp lệ phải bảo vệ cơ hội dự tuyển hợp pháp của thí sinh bị ảnh hưởng mà không xâm phạm quyền đã được xác lập hợp pháp của người khác.","CTQ-S026","","","Xử lý riêng kết quả thi lại hợp lệ là phương án phù hợp để bảo vệ quyền dự tuyển của thí sinh CTQ và công bằng với bên thứ ba.","CTQ-S026","2026-08-19","t5","","news","university admission treatment","post_retest_policy","support","CTQ-C004;CTQ-C008","t4->t5","high","5","5","4","5","5","5","5","5","5","44","not_selected","Tái trích xuất từ CTQ-S026. Đây là tin báo chí dẫn quan điểm Bộ; quyền dự tuyển vẫn phụ thuộc đầy đủ vào điều kiện thông thường."
"CTQ-C010","ctq","A_D","Điểm Toán lần hai phân tán, khác nhau theo lớp chuyên và được chuyên gia đánh giá tương đối phù hợp với các trường chuyên có điều kiện tương đồng ở phía Bắc.","CTQ-S027","2026-08-19","NGẦM ĐỊNH — Phân bố điểm phản ánh khác biệt học tập liên quan và phù hợp với nhóm đối sánh hợp lý là dấu hiệu ủng hộ độ tin cậy của phép đo.","CTQ-S027","","","Phân bố lần hai có cơ sở để được xem là phản ánh đa dạng năng lực tốt hơn sự tập trung bất thường của điểm Toán lần đầu.","CTQ-S027","2026-08-19","t5","","news","retest-result interpretation","post_retest_reinterpretation","both","CTQ-C004;CTQ-C009;CTQ-C012","t4->t5","high","5","4","5","5","4","4","5","5","5","42","selected","Tái trích xuất từ CTQ-S027. Đây là diễn giải chuyên gia; không xác định năng lực hay hành vi gian lận của từng cá nhân."
"CTQ-C011","ctq","A_D","Thí sinh thi lại trong bối cảnh áp lực tâm lý nặng, thời gian ôn tập bị gián đoạn và động cơ dự thi có thể khác lần đầu.","CTQ-S009","2026-08-19","NGẦM ĐỊNH — Khác biệt thành tích giữa hai lần thi có thể do nhiều nguyên nhân; mức giảm điểm tự nó không xác định được phần tác động của gian lận hay năng lực ổn định của một cá nhân.","CTQ-S009","","","Chênh lệch điểm giữa hai lần thi không đủ để tự nó chứng minh một thí sinh gian lận hoặc đo trực tiếp năng lực thật của thí sinh đó.","CTQ-S009","2026-08-19","t5","","news","limits of score inference","post_retest_counterinterpretation","attack","CTQ-C012","t4->t5","high","5","4","5","5","4","5","5","5","5","43","selected","Tái trích xuất từ CTQ-S009. Đây là cảnh báo nhân quả của chuyên gia, không phải sự bảo vệ kết quả lần đầu hay phủ nhận sai phạm hệ thống."
"CTQ-C012","ctq","A_D","","CTQ-S028;CTQ-S017","2026-08-19","","CTQ-S028;CTQ-S017","","","","CTQ-S028;CTQ-S017","2026-08-19","t5","","social","public interpretation of score change","post_retest_reinterpretation","both","CTQ-C004;CTQ-C011;CTQ-C013","t4->t5;t5->t6","medium","4","3","5","5","3","5","4","5","5","39","rejected_unverified","REJECTED_UNVERIFIED_SOURCE — Không thể mở và kiểm chứng đầy đủ nguồn tiếng Việt gốc trong lần xử lý cuối; nội dung tiếng Anh cũ không được dịch ngược và đã được loại khỏi trường dữ liệu chuẩn. Git history lưu vết nội dung trước đó."
"CTQ-C013","ctq","A_D","Kết quả điều tra tháng 10 nêu việc tạo điều kiện diễn ra ở tất cả phòng thi và tất cả môn: xếp chỗ, nới lỏng coi thi, để thí sinh trao đổi, giáo viên giải bài và hướng dẫn đáp án.","CTQ-S029;CTQ-S030","2026-10-01","NGẦM ĐỊNH — Khi chứng cứ đáng tin cậy cho thấy cơ chế bảo đảm liêm chính thất bại ở mọi phòng và mọi môn, kết quả của toàn điểm thi không còn dùng được.","CTQ-S029;CTQ-S030","","","Kết quả lần đầu không đáng tin cậy trên toàn điểm thi và tất cả môn, không chỉ riêng môn Toán.","CTQ-S029;CTQ-S030","2026-10-01","t6","","authority_statement;news","scope of original-exam invalidity","late_evidence","both","CTQ-C001;CTQ-C004;CTQ-C012;CTQ-C014","t5->t6","high","5","5","5","5","5","5","5","5","5","45","selected","Tái trích xuất từ CTQ-S029 và S030. Đây là thông tin điều tra đang tiếp diễn, chưa phải phán quyết cuối cùng."
"CTQ-C014","ctq","A_D","Đến 1/10, vụ án có 41 bị can thuộc nhiều tầng: lãnh đạo giáo dục, thanh tra, quản lý điểm thi, thư ký, coi thi và phục vụ.","CTQ-S029;CTQ-S030","2026-10-01","NGẦM ĐỊNH — Một cơ chế phối hợp trải qua nhiều vai trò giám sát và vận hành có phạm vi thể chế rộng hơn hành vi của một cá nhân hay một phòng thi.","CTQ-S030","","","Chứng cứ về sau ủng hộ biện pháp xử lý toàn điểm thi và bác bỏ cơ sở thực tế hạn hẹp của phương án chỉ thi lại môn Toán.","CTQ-S030","2026-10-01","t6","","authority_statement;news","institutional scope","late_validation","both","CTQ-C001;CTQ-C004;CTQ-C013","t5->t6","high","5","5","5","5","5","5","5","4","5","44","not_selected","Tái trích xuất từ CTQ-S029 và S030. Số lượng, phạm vi bị can không tự chứng minh từng cáo buộc hay sự tham gia của từng thí sinh."
"CTQ-C015","ctq","A_D","Ở t6, điều tra nêu sai phạm trên toàn môi trường thi; chính sách tuyển sinh của Bộ chỉ bảo vệ quyền của thí sinh có kết quả hợp lệ và vẫn xử lý vi phạm cá nhân theo chứng cứ.","CTQ-S026;CTQ-S030","2026-08-19 to 2026-10-01","NGẦM ĐỊNH — Sai phạm tập thể làm mất tính toàn vẹn của kỳ thi có thể biện minh cho việc thay thế toàn bộ kết quả nhưng không đồng nghĩa mọi thí sinh đều có lỗi cá nhân.","CTQ-S026;CTQ-S030","","","Dù phạm vi điều tra đã mở rộng, chế tài đối với từng thí sinh vẫn phải dựa trên chứng cứ riêng; thi lại toàn điểm vẫn có thể là biện pháp khôi phục tính toàn vẹn.","CTQ-S026;CTQ-S030","2026-10-01","t6","","news","collective remedy vs individual responsibility","late_qualification","both","CTQ-C002;CTQ-C005;CTQ-C007;CTQ-C013","t5->t6","high","4","4","5","5","4","5","5","5","5","42","selected","Tái trích xuất tổng hợp từ CTQ-S026 và S030. Lập luận phân biệt phạm vi biện pháp khắc phục với trách nhiệm cá nhân."
"CTQ-C016","ctq","A_D","Ngày 1-2/7, Bộ GDĐT ghi nhận phổ điểm Toán bất thường và cử đoàn công tác xác minh, nhưng chưa kết luận có sai phạm.","CTQ-S031","2026-07-01 to 2026-07-02","NGẦM ĐỊNH — Bất thường thống kê là căn cứ để điều tra, không tự nó chứng minh nguyên nhân hay hành vi của cá nhân.","CTQ-S031","","","Ở t1, lập trường có căn cứ là khẩn trương xác minh và chưa kết luận trước khi có chứng cứ.","CTQ-S031","2026-07-02","t1","t2","authority_statement","initial suspicion and epistemic caution","initial_state","both","CTQ-C006;CTQ-C017;CTQ-C018","t1->t2","high","5","5","4","5","5","5","5","4","5","43","selected","Tái trích xuất từ CTQ-S031. Đây là phát biểu Bộ được VTV dẫn lại, có giá trị ngăn việc hồi chiếu chứng cứ t2 về t1."
"CTQ-C017","ctq","A_D","Điểm trung bình Toán và số điểm 10 của CTQ cao vượt đáng kể so với 21 trường chuyên được báo chí đối sánh.","CTQ-S032","2026-07-01 to 2026-07-03","NGẦM ĐỊNH — Độ lệch cực lớn so với nhóm trường chuyên liên quan làm yếu đi lời giải thích chỉ dựa vào chất lượng học sinh trường chuyên.","CTQ-S032","","","Kết quả ban đầu tạo nghi vấn hợp lý vượt quá lời giải thích rằng học sinh trường chuyên giỏi nên đương nhiên đạt mức điểm đó.","CTQ-S032","2026-07-03","t1","","news","comparative statistical suspicion","initial_state","both","CTQ-C016;CTQ-C018;CTQ-C020","t1->t2","high","5","4","5","5","4","5","5","5","5","43","selected","Tái trích xuất từ CTQ-S032. Chưa tái lập độc lập cách chọn nhóm đối sánh hay phép tính; dữ liệu chỉ tạo nghi vấn, không chỉ ra sai phạm."
"CTQ-C018","ctq","A_D","Ban Chỉ đạo thi tỉnh ban đầu cho biết chưa phát hiện sai sót trong quy trình; CTQ là trường chuyên có học sinh thành tích cao và việc xác minh vẫn tiếp tục.","CTQ-S033","2026-07-03 to 2026-07-04","NGẦM ĐỊNH — Khi chưa có chứng cứ ngược lại, quy trình được báo cáo là đúng và năng lực học tập cao là lý do để chưa vội vô hiệu hóa kết quả.","CTQ-S033","","","Ở t1, cách giải thích lành tính vẫn còn khả dĩ và chưa đủ căn cứ hủy kết quả ban đầu.","CTQ-S033","2026-07-04","t1","t2","authority_statement","benign interpretation of original scores","initial_state","both","CTQ-C006;CTQ-C017;CTQ-C020","t1->t2","medium","4","4","5","5","5","5","5","5","5","43","selected","Tái trích xuất từ CTQ-S033. Đây là kết luận sơ bộ được báo chí dẫn và bị chứng cứ t2 làm suy yếu; dữ liệu không xác nhận nó là đúng."
"CTQ-C019","ctq","A_D","","CTQ-S034","2026-07-05 to 2026-07-06","","CTQ-S034","","","","CTQ-S034","2026-07-05","t2","t6","social","competing public explanations","evidence_transition","both","CTQ-C006;CTQ-C007;CTQ-C020","t1->t2;t2->t3","medium","4","4","4","5","3","5","4","5","5","39","rejected_unverified","REJECTED_UNVERIFIED_SOURCE — Không thể mở và kiểm chứng đầy đủ nguồn tiếng Việt gốc trong lần xử lý cuối; nội dung tiếng Anh cũ không được dịch ngược và đã được loại khỏi trường dữ liệu chuẩn. Git history lưu vết nội dung trước đó."
"CTQ-C020","ctq","A_D","Đánh giá ban đầu của tỉnh nói chưa phát hiện sai sót quy trình, nhưng điều tra sau đó xác định có chỉ đạo tạo điều kiện và hướng dẫn thí sinh trong giờ thi.","CTQ-S033;CTQ-S023","2026-07-04 to 2026-07-07","NGẦM ĐỊNH — Phát hiện cụ thể hơn xuất hiện sau có thể bác kết luận phủ định sơ bộ khi rà soát trước không phát hiện đúng hành vi liên quan.","CTQ-S033;CTQ-S023","","","Chứng cứ t2 về sai phạm coi thi phải thay thế nhận định t1 rằng chưa phát hiện sai sót quy trình.","CTQ-S023","2026-07-07","t2","","authority_statement","premise revision from review to evidence","evidence_update","both","CTQ-C006;CTQ-C017;CTQ-C018","t1->t2","high","5","5","5","5","4","5","5","5","5","44","selected","Tái trích xuất từ CTQ-S033 và S023. Đây là xung đột tiền đề theo thời gian giữa hai tuyên bố thẩm quyền, trong đó phát hiện sau cụ thể hơn nhưng vẫn ở giai đoạn điều tra."
"CTQ-C021","ctq","A_D","Ở t2, chứng cứ mới xác lập sai phạm coi thi môn Toán, còn điều tra chưa hoàn tất và chưa xác lập phạm vi tất cả môn, tất cả phòng.","CTQ-S023","2026-07-05 to 2026-07-07","NGẦM ĐỊNH — Phạm vi biện pháp khắc phục không nên vượt quá phạm vi sự kiện đã được xác lập nếu chưa có căn cứ rủi ro hoặc thẩm quyền bổ sung.","CTQ-S023","","","Tại t2, chứng cứ khi đó chưa đủ để kết luận phải xử lý tất cả môn, dù cần tiếp tục điều tra.","CTQ-S023","2026-07-07","t2","t4","authority_statement","proportionality under incomplete evidence","evidence_transition","both","CTQ-C001;CTQ-C004;CTQ-C013;CTQ-C025","t2->t3;t3->t4","high","4","5","5","5","4","5","5","5","5","43","selected","Tái trích xuất từ CTQ-S023. Kết luận chỉ có hiệu lực theo thời điểm, không phủ nhận quyết định sau khi xuất hiện chứng cứ rộng hơn."
"CTQ-C022","ctq","A_D","Tỉnh báo cáo 322 phụ huynh được lấy ý kiến và 6 thí sinh tự do đều đồng ý đề xuất thi lại môn Toán.","CTQ-S035","2026-07-09 to 2026-07-10","NGẦM ĐỊNH — Sự đồng thuận của nhóm bị ảnh hưởng có thể tăng tính chấp nhận của phương án nhưng không thay thế thẩm quyền pháp lý hay dữ kiện đầy đủ.","CTQ-S035","","","Đề xuất thi lại môn Toán có sự ủng hộ được tỉnh báo cáo, nhưng sự ủng hộ đó không quyết định biện pháp hợp pháp cuối cùng.","CTQ-S035","2026-07-09","t3","t4","authority_statement;social","stakeholder support and legitimacy","proposal_support","both","CTQ-C001;CTQ-C004;CTQ-C005;CTQ-C025","t2->t3;t3->t4","medium","4","4","5","5","4","5","5","5","5","42","not_selected","Tái trích xuất trực tiếp từ CTQ-S035; CTQ-S036 không truy cập được nên không dùng để dựng lại nội dung. Chưa xác minh việc tham vấn có đầy đủ thông tin, độc lập hay đại diện ngoài nhóm được hỏi."
"CTQ-C023","ctq","A_K","","CTQ-S039","2026-08-05","","CTQ-S039","2026-08-05","","","CTQ-S039","2026-08-05","t4","","official_document","binding retest implementation","official_implementation","support","CTQ-C003;CTQ-C004;CTQ-C008;CTQ-C024","t3->t4;t4->t5","high","5","4","4","5","5","5","5","5","5","43","rejected_unverified","REJECTED_UNVERIFIED_SOURCE — Không thể mở và kiểm chứng đầy đủ nguồn tiếng Việt gốc trong lần xử lý cuối; nội dung tiếng Anh cũ không được dịch ngược và đã được loại khỏi trường dữ liệu chuẩn. Git history lưu vết nội dung trước đó."
"CTQ-C024","ctq","A_K","","CTQ-S040","2026-08-06","","CTQ-S040","2026-08-06","","","CTQ-S040","2026-08-06","t4","","official_document","independent implementation safeguards","official_implementation","support","CTQ-C004;CTQ-C008;CTQ-C023","t3->t4;t4->t5","high","5","5","4","5","5","5","5","5","5","44","rejected_unverified","REJECTED_UNVERIFIED_SOURCE — Không thể mở và kiểm chứng đầy đủ nguồn tiếng Việt gốc trong lần xử lý cuối; nội dung tiếng Anh cũ không được dịch ngược và đã được loại khỏi trường dữ liệu chuẩn. Git history lưu vết nội dung trước đó."
"CTQ-C025","ctq","A_D","Bộ GDĐT phân biệt CTQ, nơi kết quả toàn điểm thi không còn đủ tin cậy và chưa thể cá thể hóa đầy đủ, với Quảng Trị, nơi đã xác định cụ thể thí sinh và hành vi vi phạm.","CTQ-S038","2026-08-05 to 2026-08-06","NGẦM ĐỊNH — Khác biệt đáng kể về phạm vi và khả năng cá thể hóa chứng cứ có thể biện minh cho biện pháp khắc phục khác nhau.","CTQ-S038","","","Thi lại tất cả môn tại CTQ có thể được biện minh theo điều kiện áp dụng riêng mà không đòi mọi vụ sai phạm thi cử đều phải xử lý giống nhau.","CTQ-S038","2026-08-06","t4","","authority_statement","comparative applicability and proportionality","official_justification","both","CTQ-C002;CTQ-C004;CTQ-C005;CTQ-C021","t3->t4","high","5","4","5","5","4","5","5","5","5","43","selected","Tái trích xuất từ CTQ-S038. Đây là lý giải của Bộ được báo chí dẫn; mức độ tương đồng thực tế giữa hai vụ chưa được kiểm tra độc lập."
"CTQ-C026","ctq","A_K","Chỉ thị 20/CT-TTg yêu cầu tổ chức kỳ thi năm 2026 an toàn, nghiêm túc, khách quan, trung thực, công bằng; phân công rõ trách nhiệm và phối hợp bảo đảm an ninh, giám sát.","CTQ-S041","2026-05-18","NGẦM ĐỊNH — Chỉ thị còn hiệu lực và áp dụng được ràng buộc cơ quan được giao bằng các nhiệm vụ quản trị, an ninh và liêm chính nêu trong văn bản.","CTQ-S041","2026-05-18","","Vụ CTQ phải được đánh giá từ t1 theo chuẩn trách nhiệm thể chế của kỳ thi, không chỉ như vấn đề sửa điểm phát sinh về sau.","CTQ-S041","2026-05-18","t1","","official_document","pre-examination accountability baseline","stable_reference","both","CTQ-C003;CTQ-C006;CTQ-C014","t1->t2","high","5","5","4","5","5","5","5","5","5","44","selected","Tái trích xuất từ CTQ-S041. Chỉ thị xác lập nhiệm vụ và mục tiêu, không tự chứng minh CTQ đã vi phạm từng nghĩa vụ."
"CTQ-C027","ctq","A_D","Một chủ đề công khai dẫn số liệu Tuyên Quang từ không có điểm 10 Toán năm 2025 tăng lên 154 điểm 10 năm 2026, đồng thời số bài từ 9 điểm trở lên tăng mạnh.","CTQ-S045","2025 to 2026-07-03","NGẦM ĐỊNH — Biến động phân bố rất lớn giữa hai năm với quy mô thí sinh tương tự là căn cứ để xác minh có trọng tâm, nhưng không xác định nguyên nhân.","","","","Sự đứt gãy theo thời gian của phổ điểm cung cấp thêm căn cứ hợp lý cho nghi vấn ở t1 mà chưa chứng minh gian lận.","CTQ-S045","2026-07-03","t1","t2","social","longitudinal statistical suspicion","initial_state","both","CTQ-C016;CTQ-C017;CTQ-C018","t1->t2","medium","5","4","4","5","3","5","5","5","5","41","not_selected","Tái trích xuất trực tiếp từ CTQ-S045. Số liệu do chủ đề nhúng từ bài báo, chưa được nhóm nghiên cứu tái lập độc lập."
"CTQ-C028","ctq","A_K","Quy chế hợp nhất giao Trưởng điểm thi, cán bộ coi thi và bộ phận liên quan trách nhiệm tổ chức, giám sát, báo cáo đúng quy định; chứng cứ t2 nêu người làm công tác thi trực tiếp hướng dẫn thí sinh môn Toán.","CTQ-S042;CTQ-S023","2026-04-17 to 2026-07-07","NGẦM ĐỊNH — Việc trực tiếp hỗ trợ thí sinh trái với nghĩa vụ coi thi và báo cáo theo Quy chế đang có hiệu lực.","CTQ-S042","2026-04-24","","Chứng cứ t2 cho phép phân loại vụ việc là sai phạm coi thi dựa trên quy tắc, không còn chỉ là bất thường thống kê.","CTQ-S042;CTQ-S023","2026-07-07","t2","","official_document;authority_statement","rule-grounded supervision breach","evidence_transition","both","CTQ-C006;CTQ-C018;CTQ-C019","t1->t2;t2->t3","high","5","5","5","5","5","5","5","4","5","44","selected","Tái trích xuất từ CTQ-S042 và S023. Quy chế là nguồn thẩm quyền; hành vi vẫn là kết quả điều tra, chưa phải bản án hình sự cuối cùng."
"CTQ-C029","ctq","A_D","Thông tin tổng kết toàn quốc và báo cáo bảo đảm an ninh địa phương ban đầu mô tả kỳ thi an toàn, nghiêm túc, nhưng không phải kiểm toán hiệu quả riêng tại CTQ; chứng cứ sau nêu việc hướng dẫn thí sinh tại điểm thi.","CTQ-S043;CTQ-S044;CTQ-S023","2026-06-12 to 2026-07-07","NGẦM ĐỊNH — Nhận định chung hoặc mô tả biện pháp kiểm soát có phạm vi áp dụng hạn chế khi xuất hiện chứng cứ cụ thể hơn tại chính điểm thi bị nghi vấn.","","","","Các bảo đảm an toàn ban đầu không thể quyết định tính hợp lệ của kết quả CTQ sau chứng cứ t2; điều tra có trọng tâm phải thay thế đánh giá chung.","CTQ-S043;CTQ-S044;CTQ-S023","2026-07-07","t2","","authority_statement","general assurance versus site-specific evidence","evidence_update","both","CTQ-C016;CTQ-C018;CTQ-C020","t1->t2;t2->t3","high","5","5","5","5","4","4","5","5","5","43","not_selected","Tái trích xuất từ CTQ-S043, S044 và S023. Không suy diễn rằng người phát biểu ban đầu biết chứng cứ xuất hiện sau."
"CTQ-C030","ctq","A_K","","CTQ-S039","2026-08-05","","CTQ-S039","2026-08-05","","","CTQ-S039","2026-08-05","t4","t5","official_document","legal usability of original results","official_implementation","support","CTQ-C004;CTQ-C009;CTQ-C023","t3->t4;t4->t5","high","5","4","4","5","4","5","5","4","5","41","rejected_unverified","REJECTED_UNVERIFIED_SOURCE — Không thể mở và kiểm chứng đầy đủ nguồn tiếng Việt gốc trong lần xử lý cuối; nội dung tiếng Anh cũ không được dịch ngược và đã được loại khỏi trường dữ liệu chuẩn. Git history lưu vết nội dung trước đó."
"CTQ-C031","ctq","A_D","Giữ kết quả đáng ngờ có thể gây bất công cho thí sinh khác; hủy kết quả mà không tổ chức thi lại kịp thời có thể làm thí sinh không vi phạm mất một năm và cơ hội học tập.","CTQ-S037;CTQ-S046","2026-08-05","NGẦM ĐỊNH — Khi mọi phương án đều gây chi phí và chưa thể tách cá nhân, thi lại sớm dưới kiểm soát tăng cường có thể cân bằng bất công với bên thứ ba và thiệt hại giáo dục tập thể.","CTQ-S037;CTQ-S046","","","Thi lại tất cả môn dưới kiểm soát tăng cường là thỏa hiệp có thể bảo vệ được giữa việc giữ kết quả không đáng tin và hủy mà không cho cơ hội thay thế kịp thời.","CTQ-S037;CTQ-S046","2026-08-05","t4","t5","authority_statement;social","balanced proportionality of remedy","official_resolution","both","CTQ-C002;CTQ-C004;CTQ-C005;CTQ-C015","t3->t4;t4->t5","medium","5","4","5","5","3","4","5","5","5","41","selected","Tái trích xuất từ CTQ-S037 và tranh luận công khai CTQ-S046. Nguồn xã hội thể hiện quan điểm đối lập, không xác lập lỗi cá nhân; đây là đánh giá tính tương xứng, không khẳng định phương án duy nhất hợp pháp."
"CTQ-C032","ctq","A_D","","CTQ-S040;CTQ-S029;CTQ-S030","2026-08-06 to 2026-10-01","","","","","","CTQ-S040;CTQ-S029;CTQ-S030","2026-10-01","t6","","official_document;authority_statement;news","systemic failure and corrective design","late_validation","support","CTQ-C008;CTQ-C014;CTQ-C024","t4->t5;t5->t6","high","5","5","4","5","5","5","5","5","5","44","rejected_unverified","REJECTED_UNVERIFIED_SOURCE — Không thể mở và kiểm chứng đầy đủ nguồn tiếng Việt gốc trong lần xử lý cuối; nội dung tiếng Anh cũ không được dịch ngược và đã được loại khỏi trường dữ liệu chuẩn. Git history lưu vết nội dung trước đó."
"CTQ-C033","ctq","A_D","Thông tin ban đầu cấp quốc gia và địa phương nói chưa phát hiện gian lận có tổ chức, kỳ thi an toàn; đến t6, điều tra nêu sai phạm ở tất cả phòng và môn tại CTQ.","CTQ-S043;CTQ-S044;CTQ-S029;CTQ-S030","2026-06-12 to 2026-10-01","NGẦM ĐỊNH — Chứng cứ cụ thể theo địa điểm xuất hiện sau có thể cho thấy cơ chế phát hiện trước đó bỏ sót, mà không đồng nghĩa người phát biểu ban đầu đã có chứng cứ đó.","","","","Ở t6, tường thuật an toàn ban đầu không còn là căn cứ tin cậy để đánh giá CTQ; vụ việc phải được hiểu là thất bại phát hiện trên toàn điểm thi.","CTQ-S043;CTQ-S044;CTQ-S029;CTQ-S030","2026-10-01","t6","","authority_statement;news","early assurance versus pervasive later evidence","late_revision","both","CTQ-C018;CTQ-C020;CTQ-C029","t1->t2;t5->t6","high","5","5","5","5","5","4","5","4","5","43","selected","Tái trích xuất từ CTQ-S043, S044, S029 và S030. Kết luận giới hạn ở CTQ và cập nhật chứng cứ, không cáo buộc che giấu có chủ ý."
"CTQ-C034","ctq","A_D","Ở t6, cơ quan chức năng công bố 41 bị can và sai phạm ở tất cả phòng, tất cả môn, nhưng vụ án vẫn đang điều tra và trạng thái tố tụng là khởi tố, chưa xét xử cuối cùng.","CTQ-S029;CTQ-S030","2026-10-01","NGẦM ĐỊNH — Kết quả điều tra và quyết định khởi tố có thể hỗ trợ mô hình phạm vi tạm thời nhưng không tự xác lập tội phạm cuối cùng của từng bị can.","","","","Có thể mở rộng mô hình vụ việc theo chứng cứ t6, còn kết luận tội phạm cá nhân phải để ở trạng thái tạm thời cho đến khi xét xử.","CTQ-S029;CTQ-S030","2026-10-01","t6","","authority_statement;news","procedural status and evidentiary caution","late_qualification","attack","CTQ-C013;CTQ-C014","t5->t6","high","5","5","4","5","5","5","5","5","5","44","selected","Tái trích xuất từ CTQ-S029 và S030. Giới hạn này không phủ nhận phạm vi thể chế được báo cáo và không biến khởi tố thành kết án."
"CTQ-C035","ctq","A_D","Danh sách 41 bị can bao gồm lãnh đạo ngành giáo dục, thanh tra, quản lý điểm thi, thư ký, cán bộ coi thi và nhân viên phục vụ.","CTQ-S029;CTQ-S030","2026-10-01","NGẦM ĐỊNH — Sai phạm liên quan cả vai trò vận hành và giám sát đòi hỏi xem xét chuỗi trách nhiệm thể chế, không chỉ sửa điểm hay xử lý người trực tiếp coi thi.","","","","Phản ứng ở t6 cần bao gồm trách nhiệm thể chế qua các tầng giám sát, bên cạnh bảo lưu kết quả thay thế hợp lệ và xử lý cá nhân theo chứng cứ.","CTQ-S029;CTQ-S030","2026-10-01","t6","","authority_statement;news;social","multi-level institutional accountability","late_scope_expansion","support","CTQ-C007;CTQ-C014;CTQ-C026","t5->t6","high","5","5","5","5","5","5","5","4","5","44","not_selected","Tái trích xuất từ CTQ-S029 và S030. CTQ-S047 hiện không truy cập được nên đã loại phần dựa vào phản ứng công chúng khỏi tiền đề; rà soát thể chế và tội phạm cá nhân là hai vấn đề khác nhau."
"CTQ-C036","ctq","A_K","Ở t3, tỉnh đã đề nghị thi lại môn Toán nhưng Bộ GDĐT khẳng định chưa quyết định, còn phải căn cứ Quy chế, kết quả xác minh đầy đủ và đánh giá tác động.","CTQ-S048;CTQ-S042","2026-07-09","NGẦM ĐỊNH — Đề xuất của tỉnh không trở thành biện pháp thi có hiệu lực trước khi cơ quan quốc gia có thẩm quyền quyết định theo Quy chế.","CTQ-S042","2026-04-24","","Phương án chỉ thi lại môn Toán vẫn chưa có tính ràng buộc ở t3 trong khi cơ quan có thẩm quyền xem xét hồ sơ chứng cứ và pháp lý rộng hơn.","CTQ-S048;CTQ-S042","2026-07-09","t3","t4","official_document;authority_statement","proposal status and national authority","proposal_review","both","CTQ-C001;CTQ-C003;CTQ-C022;CTQ-C023","t2->t3;t3->t4","high","5","5","5","5","5","5","5","4","5","44","selected","Tái trích xuất từ CTQ-S048 và quy tắc tại CTQ-S042. Lập luận về hiệu lực thủ tục, không kết luận đề xuất có công bằng về nội dung hay không."
"CTQ-C037","ctq","A_D","","CTQ-S023;CTQ-S049","2026-07-07 to 2026-07-11","","","","","","CTQ-S023;CTQ-S049","2026-07-11","t3","t6","authority_statement;social","early challenge to subject isolation","proposal_challenge","both","CTQ-C001;CTQ-C021;CTQ-C013;CTQ-C014","t2->t3;t3->t4;t5->t6","medium","5","4","5","5","3","5","5","5","5","42","rejected_unverified","REJECTED_UNVERIFIED_SOURCE — Không thể mở và kiểm chứng đầy đủ nguồn tiếng Việt gốc trong lần xử lý cuối; nội dung tiếng Anh cũ không được dịch ngược và đã được loại khỏi trường dữ liệu chuẩn. Git history lưu vết nội dung trước đó."
"CTQ-C038","ctq","A_D","Khi trách nhiệm cá nhân chưa được xác định, thí sinh CTQ vẫn được đăng ký nguyện vọng; việc đăng ký không giữ chỗ và không làm giảm chỉ tiêu của cơ sở đào tạo.","CTQ-S050","2026-07-22","NGẦM ĐỊNH — Quyền thao tác đăng ký trên hệ thống khác với đủ điều kiện xét tuyển bằng kết quả hợp lệ.","CTQ-S050","","","Giữ quyền đăng ký trong thời gian điều tra không tự tạo lợi thế tuyển sinh hay làm hại thí sinh khác nếu kết quả không hợp lệ bị loại khỏi xét tuyển.","CTQ-S050","2026-07-22","t3","t5","authority_statement","registration rights versus admission entitlement","interim_rights","support","CTQ-C007;CTQ-C009;CTQ-C030","t2->t3;t3->t4","high","5","5","4","5","4","5","5","5","5","43","not_selected","Tái trích xuất từ phát biểu của Vụ trưởng Vụ Giáo dục Đại học được CTQ-S050 đăng lại. Phát biểu nói về đăng ký và chỉ tiêu, không loại trừ mọi hiệu ứng cạnh tranh của xử lý tuyển sinh về sau."
"CTQ-C039","ctq","A_D","Giáo viên đánh giá đề Toán thi lại tương đồng về cấu trúc và dạng bài với đợt đầu, nhưng một số câu phân hóa điểm cao có thể khó hơn.","CTQ-S051","2026-08-14","NGẦM ĐỊNH — Khi hai đề có thể khác độ khó ở vùng điểm liên quan, chênh lệch điểm thô không thể quy toàn bộ cho hành vi hoặc năng lực thí sinh.","CTQ-S051","","","Chênh lệch điểm lần đầu và lần thi lại cần được hiệu chỉnh bằng yếu tố độ khó đề, không tự xác định nguyên nhân giảm điểm.","CTQ-S051","2026-08-14","t5","","news","test-difficulty confound","result_interpretation","attack","CTQ-C010;CTQ-C012","t4->t5","high","5","5","5","5","4","5","5","5","5","44","not_selected","Tái trích xuất từ CTQ-S051. Nhận định giáo viên không phải nghiên cứu cân bằng đề; lập luận chỉ nêu một biến gây nhiễu."
"CTQ-C040","ctq","A_D","Thảo luận công khai phân biệt điểm trung bình Toán 6,24 của toàn điểm thi với điểm trung bình 7,38 của riêng lớp chuyên Toán.","CTQ-S052","2026-08-19","NGẦM ĐỊNH — So sánh hợp lệ phải giữ nguyên quần thể và nhóm con; nếu không, khác biệt có thể chỉ là lỗi mẫu số.","","","","Khi diễn giải kết quả thi lại phải phân biệt số liệu toàn trường với số liệu lớp chuyên trước khi kết luận về thành tích.","CTQ-S052","2026-08-19","t5","","social","subgroup and denominator consistency","result_qualification","attack","CTQ-C010;CTQ-C012","t4->t5","medium","5","4","4","5","3","5","4","5","5","40","selected","Tái trích xuất từ CTQ-S052. Hai mức điểm đã được đối chiếu với báo cáo thống kê và bài chuyên gia; không dùng để đánh giá từng cá nhân."
"CTQ-C041","ctq","A_K","Quy chế tuyển sinh 2026 yêu cầu cơ hội công bằng, đánh giá khách quan đáng tin cậy, xét nguyện vọng hợp lệ và tuyển theo tiêu chí, ngưỡng đã công bố.","CTQ-S053","2026-02-15","NGẦM ĐỊNH — Kết quả thay thế hợp lệ phải được xử lý theo cùng ngưỡng tuyển sinh và thứ tự nguyện vọng áp dụng, không theo chuẩn ưu ái hoặc trừng phạt riêng.","CTQ-S053","2026-02-15","","Thí sinh CTQ có kết quả thi lại hợp lệ phải được xét theo chuẩn tuyển sinh 2026 đã công bố, không sử dụng điểm đã hủy.","CTQ-S053;CTQ-S055","2026-08-21","t5","","official_document;news","equal admission standard after replacement results","official_application","support","CTQ-C009;CTQ-C030;CTQ-C043","t4->t5","high","5","5","4","5","5","5","5","5","5","44","selected","Tái trích xuất từ CTQ-S053 và kiểm tra chéo quy trình tại CTQ-S055. Đối xử bình đẳng không bảo đảm trúng tuyển; Công văn 5615 gốc chưa được tìm thấy trên máy chủ Bộ."
"CTQ-C042","ctq","A_D","Báo cáo thống kê lần hai cho thấy phân bố khác nhau rõ giữa các môn về cỡ mẫu, điểm trung bình, độ phân tán và tỷ lệ dưới 5 hoặc từ 8 trở lên.","CTQ-S054","2026-08-19","NGẦM ĐỊNH — Phân bố không đồng nhất theo môn và nhóm phù hợp hơn với năng lực phân hóa so với giả định đồng đều rằng mọi thí sinh cùng hưởng lợi hoặc cùng có lỗi.","","","","Kết quả t5 ủng hộ cách hiểu năng lực đa dạng nhưng không xác định thí sinh nào đã tham gia sai phạm lần đầu.","CTQ-S054","2026-08-19","t5","t6","official_document","cross-subject heterogeneity","result_evidence","both","CTQ-C010;CTQ-C011;CTQ-C015","t4->t5;t5->t6","high","5","5","5","5","5","5","5","5","5","45","selected","Tái trích xuất trực tiếp từ CTQ-S054. Báo cáo là dữ liệu chứng cứ, không phải mô hình nhân quả; khác biệt phân bố không chứng minh vô tội hay có tội cá nhân."
"CTQ-C043","ctq","A_K","","CTQ-S039;CTQ-S054","2026-08-05 to 2026-08-21","","CTQ-S039","2026-08-05","","","CTQ-S039;CTQ-S054","2026-08-21","t5","","official_document","replacement-result validity transition","result_state_change","support","CTQ-C009;CTQ-C030;CTQ-C041","t4->t5","high","5","4","4","5","4","5","5","5","5","42","rejected_unverified","REJECTED_UNVERIFIED_SOURCE — Không thể mở và kiểm chứng đầy đủ nguồn tiếng Việt gốc trong lần xử lý cuối; nội dung tiếng Anh cũ không được dịch ngược và đã được loại khỏi trường dữ liệu chuẩn. Git history lưu vết nội dung trước đó."
"CTQ-C044","ctq","A_D","Chuyên gia đánh giá phân bố thi lại hợp lý và cho rằng kết quả lần đầu đã bị hủy nên không còn giá trị làm chuẩn trực tiếp để đánh giá năng lực học sinh.","CTQ-S056","2026-08-19","NGẦM ĐỊNH — Một phép đo đã bị vô hiệu không thể là chuẩn sự thật để định lượng mức giảm năng lực hay lỗi cá nhân, dù so sánh vẫn có ích khi xem xét độ tin cậy toàn điểm thi.","CTQ-S056","","","Chênh lệch hai lần thi có thể phục vụ đánh giá liêm chính nhưng không nên được hiểu là thước đo trực tiếp năng lực thật hay lỗi của từng thí sinh.","CTQ-S056","2026-08-19","t5","t6","news","invalid baseline and causal limits","result_qualification","both","CTQ-C011;CTQ-C012;CTQ-C013","t4->t5;t5->t6","high","5","5","5","5","4","5","5","5","5","44","not_selected","Tái trích xuất từ CTQ-S056. Đây là diễn giải chuyên gia; không khẳng định kỳ thi lại hoàn hảo hay phủ nhận giá trị chẩn đoán của so sánh phân bố."
"CTQ-C045","ctq","A_D","Quy trình sau thi lại dùng dữ liệu hợp lệ và ngưỡng đã công bố; một số thí sinh CTQ còn có phương thức độc lập như tuyển thẳng, xét tài năng hoặc kỳ thi đánh giá riêng.","CTQ-S055","2026-08-21","NGẦM ĐỊNH — Không đạt điều kiện theo một tuyến điểm đã hủy hoặc điểm thay thế không loại bỏ quyền theo phương thức độc lập hợp lệ khác.","CTQ-S055","","","Điểm thi lại thấp hơn không đồng nghĩa mọi thí sinh CTQ đều mất điều kiện ở tất cả phương thức tuyển sinh đại học.","CTQ-S055","2026-08-21","t5","","news","multiple valid admission pathways","result_consequence","support","CTQ-C009;CTQ-C041","t4->t5","high","5","5","4","5","4","5","4","5","5","42","not_selected","Tái trích xuất từ CTQ-S055 và đối chiếu CTQ-S009. Nguồn không cho biết số người trúng tuyển theo từng phương thức; mỗi phương thức vẫn phải đáp ứng điều kiện riêng."
