"arg_id","timestamp_id","status","grounded_by","reason","notes"
"CTQ-A001","t1","accepted","CTQ-S018;CTQ-S024","Nội dung được nguồn truy nguyên xác nhận trong đúng phạm vi thời gian và khả năng áp dụng nêu trong lập luận.","Trạng thái không tự động suy ra từ source_type và không phải kết luận về trách nhiệm hình sự cá nhân."
"CTQ-A001","t2","accepted","CTQ-S018;CTQ-S024","Nội dung được nguồn truy nguyên xác nhận trong đúng phạm vi thời gian và khả năng áp dụng nêu trong lập luận.","Trạng thái không tự động suy ra từ source_type và không phải kết luận về trách nhiệm hình sự cá nhân."
"CTQ-A001","t3","accepted","CTQ-S018;CTQ-S024","Nội dung được nguồn truy nguyên xác nhận trong đúng phạm vi thời gian và khả năng áp dụng nêu trong lập luận.","Trạng thái không tự động suy ra từ source_type và không phải kết luận về trách nhiệm hình sự cá nhân."
"CTQ-A001","t4","accepted","CTQ-S018;CTQ-S024","Nội dung được nguồn truy nguyên xác nhận trong đúng phạm vi thời gian và khả năng áp dụng nêu trong lập luận.","Trạng thái không tự động suy ra từ source_type và không phải kết luận về trách nhiệm hình sự cá nhân."
"CTQ-A001","t5","accepted","CTQ-S018;CTQ-S024","Nội dung được nguồn truy nguyên xác nhận trong đúng phạm vi thời gian và khả năng áp dụng nêu trong lập luận.","Trạng thái không tự động suy ra từ source_type và không phải kết luận về trách nhiệm hình sự cá nhân."
"CTQ-A001","t6","accepted","CTQ-S018;CTQ-S024","Nội dung được nguồn truy nguyên xác nhận trong đúng phạm vi thời gian và khả năng áp dụng nêu trong lập luận.","Trạng thái không tự động suy ra từ source_type và không phải kết luận về trách nhiệm hình sự cá nhân."
"CTQ-A002","t1","undecided","CTQ-S031","Nguồn đủ để xem xét lập luận nhưng chưa đủ để chấp nhận kết luận như một tham chiếu có thẩm quyền tại mốc này.","Trạng thái không tự động suy ra từ source_type và không phải kết luận về trách nhiệm hình sự cá nhân."
"CTQ-A002","t2","accepted","CTQ-S031","Nội dung được nguồn truy nguyên xác nhận trong đúng phạm vi thời gian và khả năng áp dụng nêu trong lập luận.","Trạng thái không tự động suy ra từ source_type và không phải kết luận về trách nhiệm hình sự cá nhân."
"CTQ-A003","t1","undecided","CTQ-S032","Nguồn đủ để xem xét lập luận nhưng chưa đủ để chấp nhận kết luận như một tham chiếu có thẩm quyền tại mốc này.","Trạng thái không tự động suy ra từ source_type và không phải kết luận về trách nhiệm hình sự cá nhân."
"CTQ-A003","t2","undecided","CTQ-S032","Nguồn đủ để xem xét lập luận nhưng chưa đủ để chấp nhận kết luận như một tham chiếu có thẩm quyền tại mốc này.","Trạng thái không tự động suy ra từ source_type và không phải kết luận về trách nhiệm hình sự cá nhân."
"CTQ-A003","t3","undecided","CTQ-S032","Nguồn đủ để xem xét lập luận nhưng chưa đủ để chấp nhận kết luận như một tham chiếu có thẩm quyền tại mốc này.","Trạng thái không tự động suy ra từ source_type và không phải kết luận về trách nhiệm hình sự cá nhân."
"CTQ-A003","t4","undecided","CTQ-S032","Nguồn đủ để xem xét lập luận nhưng chưa đủ để chấp nhận kết luận như một tham chiếu có thẩm quyền tại mốc này.","Trạng thái không tự động suy ra từ source_type và không phải kết luận về trách nhiệm hình sự cá nhân."
"CTQ-A003","t5","undecided","CTQ-S032","Nguồn đủ để xem xét lập luận nhưng chưa đủ để chấp nhận kết luận như một tham chiếu có thẩm quyền tại mốc này.","Trạng thái không tự động suy ra từ source_type và không phải kết luận về trách nhiệm hình sự cá nhân."
"CTQ-A003","t6","undecided","CTQ-S032","Nguồn đủ để xem xét lập luận nhưng chưa đủ để chấp nhận kết luận như một tham chiếu có thẩm quyền tại mốc này.","Trạng thái không tự động suy ra từ source_type và không phải kết luận về trách nhiệm hình sự cá nhân."
"CTQ-A004","t1","undecided","CTQ-S033","Nguồn đủ để xem xét lập luận nhưng chưa đủ để chấp nhận kết luận như một tham chiếu có thẩm quyền tại mốc này.","Trạng thái không tự động suy ra từ source_type và không phải kết luận về trách nhiệm hình sự cá nhân."
"CTQ-A004","t2","rejected","CTQ-S023","Chứng cứ hoặc quyết định xuất hiện ở mốc này làm kết luận không còn áp dụng cho việc xử lý tiếp theo.","Trạng thái không tự động suy ra từ source_type và không phải kết luận về trách nhiệm hình sự cá nhân."
"CTQ-A005","t1","accepted","CTQ-S041","Nội dung được nguồn truy nguyên xác nhận trong đúng phạm vi thời gian và khả năng áp dụng nêu trong lập luận.","Trạng thái không tự động suy ra từ source_type và không phải kết luận về trách nhiệm hình sự cá nhân."
"CTQ-A005","t2","accepted","CTQ-S041","Nội dung được nguồn truy nguyên xác nhận trong đúng phạm vi thời gian và khả năng áp dụng nêu trong lập luận.","Trạng thái không tự động suy ra từ source_type và không phải kết luận về trách nhiệm hình sự cá nhân."
"CTQ-A005","t3","accepted","CTQ-S041","Nội dung được nguồn truy nguyên xác nhận trong đúng phạm vi thời gian và khả năng áp dụng nêu trong lập luận.","Trạng thái không tự động suy ra từ source_type và không phải kết luận về trách nhiệm hình sự cá nhân."
"CTQ-A005","t4","accepted","CTQ-S041","Nội dung được nguồn truy nguyên xác nhận trong đúng phạm vi thời gian và khả năng áp dụng nêu trong lập luận.","Trạng thái không tự động suy ra từ source_type và không phải kết luận về trách nhiệm hình sự cá nhân."
"CTQ-A005","t5","accepted","CTQ-S041","Nội dung được nguồn truy nguyên xác nhận trong đúng phạm vi thời gian và khả năng áp dụng nêu trong lập luận.","Trạng thái không tự động suy ra từ source_type và không phải kết luận về trách nhiệm hình sự cá nhân."
"CTQ-A005","t6","accepted","CTQ-S041","Nội dung được nguồn truy nguyên xác nhận trong đúng phạm vi thời gian và khả năng áp dụng nêu trong lập luận.","Trạng thái không tự động suy ra từ source_type và không phải kết luận về trách nhiệm hình sự cá nhân."
"CTQ-A006","t2","undecided","CTQ-S023","Nguồn đủ để xem xét lập luận nhưng chưa đủ để chấp nhận kết luận như một tham chiếu có thẩm quyền tại mốc này.","Trạng thái không tự động suy ra từ source_type và không phải kết luận về trách nhiệm hình sự cá nhân."
"CTQ-A006","t3","undecided","CTQ-S023","Nguồn đủ để xem xét lập luận nhưng chưa đủ để chấp nhận kết luận như một tham chiếu có thẩm quyền tại mốc này.","Trạng thái không tự động suy ra từ source_type và không phải kết luận về trách nhiệm hình sự cá nhân."
"CTQ-A006","t4","undecided","CTQ-S023","Nguồn đủ để xem xét lập luận nhưng chưa đủ để chấp nhận kết luận như một tham chiếu có thẩm quyền tại mốc này.","Trạng thái không tự động suy ra từ source_type và không phải kết luận về trách nhiệm hình sự cá nhân."
"CTQ-A006","t5","undecided","CTQ-S023","Nguồn đủ để xem xét lập luận nhưng chưa đủ để chấp nhận kết luận như một tham chiếu có thẩm quyền tại mốc này.","Trạng thái không tự động suy ra từ source_type và không phải kết luận về trách nhiệm hình sự cá nhân."
"CTQ-A006","t6","accepted","CTQ-S023;CTQ-S029;CTQ-S030","Nội dung được nguồn truy nguyên xác nhận trong đúng phạm vi thời gian và khả năng áp dụng nêu trong lập luận.","Trạng thái không tự động suy ra từ source_type và không phải kết luận về trách nhiệm hình sự cá nhân."
"CTQ-A007","t2","undecided","CTQ-S023","Nguồn đủ để xem xét lập luận nhưng chưa đủ để chấp nhận kết luận như một tham chiếu có thẩm quyền tại mốc này.","Trạng thái không tự động suy ra từ source_type và không phải kết luận về trách nhiệm hình sự cá nhân."
"CTQ-A007","t3","undecided","CTQ-S023","Nguồn đủ để xem xét lập luận nhưng chưa đủ để chấp nhận kết luận như một tham chiếu có thẩm quyền tại mốc này.","Trạng thái không tự động suy ra từ source_type và không phải kết luận về trách nhiệm hình sự cá nhân."
"CTQ-A007","t4","undecided","CTQ-S023","Nguồn đủ để xem xét lập luận nhưng chưa đủ để chấp nhận kết luận như một tham chiếu có thẩm quyền tại mốc này.","Trạng thái không tự động suy ra từ source_type và không phải kết luận về trách nhiệm hình sự cá nhân."
"CTQ-A007","t5","undecided","CTQ-S023","Nguồn đủ để xem xét lập luận nhưng chưa đủ để chấp nhận kết luận như một tham chiếu có thẩm quyền tại mốc này.","Trạng thái không tự động suy ra từ source_type và không phải kết luận về trách nhiệm hình sự cá nhân."
"CTQ-A007","t6","undecided","CTQ-S023","Nguồn đủ để xem xét lập luận nhưng chưa đủ để chấp nhận kết luận như một tham chiếu có thẩm quyền tại mốc này.","Trạng thái không tự động suy ra từ source_type và không phải kết luận về trách nhiệm hình sự cá nhân."
"CTQ-A008","t2","undecided","CTQ-S033;CTQ-S023","Nguồn đủ để xem xét lập luận nhưng chưa đủ để chấp nhận kết luận như một tham chiếu có thẩm quyền tại mốc này.","Trạng thái không tự động suy ra từ source_type và không phải kết luận về trách nhiệm hình sự cá nhân."
"CTQ-A008","t3","undecided","CTQ-S033;CTQ-S023","Nguồn đủ để xem xét lập luận nhưng chưa đủ để chấp nhận kết luận như một tham chiếu có thẩm quyền tại mốc này.","Trạng thái không tự động suy ra từ source_type và không phải kết luận về trách nhiệm hình sự cá nhân."
"CTQ-A008","t4","undecided","CTQ-S033;CTQ-S023","Nguồn đủ để xem xét lập luận nhưng chưa đủ để chấp nhận kết luận như một tham chiếu có thẩm quyền tại mốc này.","Trạng thái không tự động suy ra từ source_type và không phải kết luận về trách nhiệm hình sự cá nhân."
"CTQ-A008","t5","undecided","CTQ-S033;CTQ-S023","Nguồn đủ để xem xét lập luận nhưng chưa đủ để chấp nhận kết luận như một tham chiếu có thẩm quyền tại mốc này.","Trạng thái không tự động suy ra từ source_type và không phải kết luận về trách nhiệm hình sự cá nhân."
"CTQ-A008","t6","accepted","CTQ-S033;CTQ-S023;CTQ-S029;CTQ-S030","Nội dung được nguồn truy nguyên xác nhận trong đúng phạm vi thời gian và khả năng áp dụng nêu trong lập luận.","Trạng thái không tự động suy ra từ source_type và không phải kết luận về trách nhiệm hình sự cá nhân."
"CTQ-A009","t2","accepted","CTQ-S023","Nội dung được nguồn truy nguyên xác nhận trong đúng phạm vi thời gian và khả năng áp dụng nêu trong lập luận.","Trạng thái không tự động suy ra từ source_type và không phải kết luận về trách nhiệm hình sự cá nhân."
"CTQ-A009","t3","accepted","CTQ-S023","Nội dung được nguồn truy nguyên xác nhận trong đúng phạm vi thời gian và khả năng áp dụng nêu trong lập luận.","Trạng thái không tự động suy ra từ source_type và không phải kết luận về trách nhiệm hình sự cá nhân."
"CTQ-A009","t4","rejected","CTQ-S002;CTQ-S004;CTQ-S037","Chứng cứ hoặc quyết định xuất hiện ở mốc này làm kết luận không còn áp dụng cho việc xử lý tiếp theo.","Trạng thái không tự động suy ra từ source_type và không phải kết luận về trách nhiệm hình sự cá nhân."
"CTQ-A010","t2","accepted","CTQ-S042;CTQ-S023","Nội dung được nguồn truy nguyên xác nhận trong đúng phạm vi thời gian và khả năng áp dụng nêu trong lập luận.","Trạng thái không tự động suy ra từ source_type và không phải kết luận về trách nhiệm hình sự cá nhân."
"CTQ-A010","t3","accepted","CTQ-S042;CTQ-S023","Nội dung được nguồn truy nguyên xác nhận trong đúng phạm vi thời gian và khả năng áp dụng nêu trong lập luận.","Trạng thái không tự động suy ra từ source_type và không phải kết luận về trách nhiệm hình sự cá nhân."
"CTQ-A010","t4","accepted","CTQ-S042;CTQ-S023","Nội dung được nguồn truy nguyên xác nhận trong đúng phạm vi thời gian và khả năng áp dụng nêu trong lập luận.","Trạng thái không tự động suy ra từ source_type và không phải kết luận về trách nhiệm hình sự cá nhân."
"CTQ-A010","t5","accepted","CTQ-S042;CTQ-S023","Nội dung được nguồn truy nguyên xác nhận trong đúng phạm vi thời gian và khả năng áp dụng nêu trong lập luận.","Trạng thái không tự động suy ra từ source_type và không phải kết luận về trách nhiệm hình sự cá nhân."
"CTQ-A010","t6","accepted","CTQ-S042;CTQ-S023","Nội dung được nguồn truy nguyên xác nhận trong đúng phạm vi thời gian và khả năng áp dụng nêu trong lập luận.","Trạng thái không tự động suy ra từ source_type và không phải kết luận về trách nhiệm hình sự cá nhân."
"CTQ-A011","t3","undecided","CTQ-S001","Nguồn đủ để xem xét lập luận nhưng chưa đủ để chấp nhận kết luận như một tham chiếu có thẩm quyền tại mốc này.","Trạng thái không tự động suy ra từ source_type và không phải kết luận về trách nhiệm hình sự cá nhân."
"CTQ-A011","t4","rejected","CTQ-S002;CTQ-S004;CTQ-S037","Chứng cứ hoặc quyết định xuất hiện ở mốc này làm kết luận không còn áp dụng cho việc xử lý tiếp theo.","Trạng thái không tự động suy ra từ source_type và không phải kết luận về trách nhiệm hình sự cá nhân."
"CTQ-A012","t3","undecided","CTQ-S021","Nguồn đủ để xem xét lập luận nhưng chưa đủ để chấp nhận kết luận như một tham chiếu có thẩm quyền tại mốc này.","Trạng thái không tự động suy ra từ source_type và không phải kết luận về trách nhiệm hình sự cá nhân."
"CTQ-A012","t4","undecided","CTQ-S021","Nguồn đủ để xem xét lập luận nhưng chưa đủ để chấp nhận kết luận như một tham chiếu có thẩm quyền tại mốc này.","Trạng thái không tự động suy ra từ source_type và không phải kết luận về trách nhiệm hình sự cá nhân."
"CTQ-A012","t5","undecided","CTQ-S021","Nguồn đủ để xem xét lập luận nhưng chưa đủ để chấp nhận kết luận như một tham chiếu có thẩm quyền tại mốc này.","Trạng thái không tự động suy ra từ source_type và không phải kết luận về trách nhiệm hình sự cá nhân."
"CTQ-A012","t6","undecided","CTQ-S021","Nguồn đủ để xem xét lập luận nhưng chưa đủ để chấp nhận kết luận như một tham chiếu có thẩm quyền tại mốc này.","Trạng thái không tự động suy ra từ source_type và không phải kết luận về trách nhiệm hình sự cá nhân."
"CTQ-A013","t3","undecided","CTQ-S022","Nguồn đủ để xem xét lập luận nhưng chưa đủ để chấp nhận kết luận như một tham chiếu có thẩm quyền tại mốc này.","Trạng thái không tự động suy ra từ source_type và không phải kết luận về trách nhiệm hình sự cá nhân."
"CTQ-A013","t4","undecided","CTQ-S022","Nguồn đủ để xem xét lập luận nhưng chưa đủ để chấp nhận kết luận như một tham chiếu có thẩm quyền tại mốc này.","Trạng thái không tự động suy ra từ source_type và không phải kết luận về trách nhiệm hình sự cá nhân."
"CTQ-A013","t5","undecided","CTQ-S022","Nguồn đủ để xem xét lập luận nhưng chưa đủ để chấp nhận kết luận như một tham chiếu có thẩm quyền tại mốc này.","Trạng thái không tự động suy ra từ source_type và không phải kết luận về trách nhiệm hình sự cá nhân."
"CTQ-A013","t6","undecided","CTQ-S022","Nguồn đủ để xem xét lập luận nhưng chưa đủ để chấp nhận kết luận như một tham chiếu có thẩm quyền tại mốc này.","Trạng thái không tự động suy ra từ source_type và không phải kết luận về trách nhiệm hình sự cá nhân."
"CTQ-A014","t3","accepted","CTQ-S048;CTQ-S042","Nội dung được nguồn truy nguyên xác nhận trong đúng phạm vi thời gian và khả năng áp dụng nêu trong lập luận.","Trạng thái không tự động suy ra từ source_type và không phải kết luận về trách nhiệm hình sự cá nhân."
"CTQ-A014","t4","accepted","CTQ-S048;CTQ-S042","Nội dung được nguồn truy nguyên xác nhận trong đúng phạm vi thời gian và khả năng áp dụng nêu trong lập luận.","Trạng thái không tự động suy ra từ source_type và không phải kết luận về trách nhiệm hình sự cá nhân."
"CTQ-A015","t4","accepted","CTQ-S002;CTQ-S004;CTQ-S037;CTQ-S018;CTQ-S024","Nội dung được nguồn truy nguyên xác nhận trong đúng phạm vi thời gian và khả năng áp dụng nêu trong lập luận.","Trạng thái không tự động suy ra từ source_type và không phải kết luận về trách nhiệm hình sự cá nhân."
"CTQ-A015","t5","accepted","CTQ-S002;CTQ-S004;CTQ-S037;CTQ-S018;CTQ-S024","Nội dung được nguồn truy nguyên xác nhận trong đúng phạm vi thời gian và khả năng áp dụng nêu trong lập luận.","Trạng thái không tự động suy ra từ source_type và không phải kết luận về trách nhiệm hình sự cá nhân."
"CTQ-A015","t6","accepted","CTQ-S002;CTQ-S004;CTQ-S037;CTQ-S018;CTQ-S024","Nội dung được nguồn truy nguyên xác nhận trong đúng phạm vi thời gian và khả năng áp dụng nêu trong lập luận.","Trạng thái không tự động suy ra từ source_type và không phải kết luận về trách nhiệm hình sự cá nhân."
"CTQ-A016","t4","undecided","CTQ-S025","Nguồn đủ để xem xét lập luận nhưng chưa đủ để chấp nhận kết luận như một tham chiếu có thẩm quyền tại mốc này.","Trạng thái không tự động suy ra từ source_type và không phải kết luận về trách nhiệm hình sự cá nhân."
"CTQ-A016","t5","undecided","CTQ-S025","Nguồn đủ để xem xét lập luận nhưng chưa đủ để chấp nhận kết luận như một tham chiếu có thẩm quyền tại mốc này.","Trạng thái không tự động suy ra từ source_type và không phải kết luận về trách nhiệm hình sự cá nhân."
"CTQ-A016","t6","undecided","CTQ-S025","Nguồn đủ để xem xét lập luận nhưng chưa đủ để chấp nhận kết luận như một tham chiếu có thẩm quyền tại mốc này.","Trạng thái không tự động suy ra từ source_type và không phải kết luận về trách nhiệm hình sự cá nhân."
"CTQ-A017","t4","undecided","CTQ-S038","Nguồn đủ để xem xét lập luận nhưng chưa đủ để chấp nhận kết luận như một tham chiếu có thẩm quyền tại mốc này.","Trạng thái không tự động suy ra từ source_type và không phải kết luận về trách nhiệm hình sự cá nhân."
"CTQ-A017","t5","undecided","CTQ-S038","Nguồn đủ để xem xét lập luận nhưng chưa đủ để chấp nhận kết luận như một tham chiếu có thẩm quyền tại mốc này.","Trạng thái không tự động suy ra từ source_type và không phải kết luận về trách nhiệm hình sự cá nhân."
"CTQ-A017","t6","undecided","CTQ-S038","Nguồn đủ để xem xét lập luận nhưng chưa đủ để chấp nhận kết luận như một tham chiếu có thẩm quyền tại mốc này.","Trạng thái không tự động suy ra từ source_type và không phải kết luận về trách nhiệm hình sự cá nhân."
"CTQ-A018","t4","undecided","CTQ-S037;CTQ-S046","Nguồn đủ để xem xét lập luận nhưng chưa đủ để chấp nhận kết luận như một tham chiếu có thẩm quyền tại mốc này.","Trạng thái không tự động suy ra từ source_type và không phải kết luận về trách nhiệm hình sự cá nhân."
"CTQ-A018","t5","undecided","CTQ-S037;CTQ-S046","Nguồn đủ để xem xét lập luận nhưng chưa đủ để chấp nhận kết luận như một tham chiếu có thẩm quyền tại mốc này.","Trạng thái không tự động suy ra từ source_type và không phải kết luận về trách nhiệm hình sự cá nhân."
"CTQ-A019","t5","undecided","CTQ-S027","Nguồn đủ để xem xét lập luận nhưng chưa đủ để chấp nhận kết luận như một tham chiếu có thẩm quyền tại mốc này.","Trạng thái không tự động suy ra từ source_type và không phải kết luận về trách nhiệm hình sự cá nhân."
"CTQ-A019","t6","undecided","CTQ-S027","Nguồn đủ để xem xét lập luận nhưng chưa đủ để chấp nhận kết luận như một tham chiếu có thẩm quyền tại mốc này.","Trạng thái không tự động suy ra từ source_type và không phải kết luận về trách nhiệm hình sự cá nhân."
"CTQ-A020","t5","undecided","CTQ-S009","Nguồn đủ để xem xét lập luận nhưng chưa đủ để chấp nhận kết luận như một tham chiếu có thẩm quyền tại mốc này.","Trạng thái không tự động suy ra từ source_type và không phải kết luận về trách nhiệm hình sự cá nhân."
"CTQ-A020","t6","undecided","CTQ-S009","Nguồn đủ để xem xét lập luận nhưng chưa đủ để chấp nhận kết luận như một tham chiếu có thẩm quyền tại mốc này.","Trạng thái không tự động suy ra từ source_type và không phải kết luận về trách nhiệm hình sự cá nhân."
"CTQ-A021","t5","undecided","CTQ-S052","Nguồn đủ để xem xét lập luận nhưng chưa đủ để chấp nhận kết luận như một tham chiếu có thẩm quyền tại mốc này.","Trạng thái không tự động suy ra từ source_type và không phải kết luận về trách nhiệm hình sự cá nhân."
"CTQ-A021","t6","undecided","CTQ-S052","Nguồn đủ để xem xét lập luận nhưng chưa đủ để chấp nhận kết luận như một tham chiếu có thẩm quyền tại mốc này.","Trạng thái không tự động suy ra từ source_type và không phải kết luận về trách nhiệm hình sự cá nhân."
"CTQ-A022","t5","accepted","CTQ-S053;CTQ-S055","Nội dung được nguồn truy nguyên xác nhận trong đúng phạm vi thời gian và khả năng áp dụng nêu trong lập luận.","Trạng thái không tự động suy ra từ source_type và không phải kết luận về trách nhiệm hình sự cá nhân."
"CTQ-A022","t6","accepted","CTQ-S053;CTQ-S055","Nội dung được nguồn truy nguyên xác nhận trong đúng phạm vi thời gian và khả năng áp dụng nêu trong lập luận.","Trạng thái không tự động suy ra từ source_type và không phải kết luận về trách nhiệm hình sự cá nhân."
"CTQ-A023","t5","accepted","CTQ-S054","Nội dung được nguồn truy nguyên xác nhận trong đúng phạm vi thời gian và khả năng áp dụng nêu trong lập luận.","Trạng thái không tự động suy ra từ source_type và không phải kết luận về trách nhiệm hình sự cá nhân."
"CTQ-A023","t6","accepted","CTQ-S054","Nội dung được nguồn truy nguyên xác nhận trong đúng phạm vi thời gian và khả năng áp dụng nêu trong lập luận.","Trạng thái không tự động suy ra từ source_type và không phải kết luận về trách nhiệm hình sự cá nhân."
"CTQ-A024","t6","undecided","CTQ-S029;CTQ-S030","Nguồn đủ để xem xét lập luận nhưng chưa đủ để chấp nhận kết luận như một tham chiếu có thẩm quyền tại mốc này.","Trạng thái không tự động suy ra từ source_type và không phải kết luận về trách nhiệm hình sự cá nhân."
"CTQ-A025","t6","undecided","CTQ-S026;CTQ-S030","Nguồn đủ để xem xét lập luận nhưng chưa đủ để chấp nhận kết luận như một tham chiếu có thẩm quyền tại mốc này.","Trạng thái không tự động suy ra từ source_type và không phải kết luận về trách nhiệm hình sự cá nhân."
"CTQ-A026","t6","undecided","CTQ-S043;CTQ-S044;CTQ-S029;CTQ-S030","Nguồn đủ để xem xét lập luận nhưng chưa đủ để chấp nhận kết luận như một tham chiếu có thẩm quyền tại mốc này.","Trạng thái không tự động suy ra từ source_type và không phải kết luận về trách nhiệm hình sự cá nhân."
"CTQ-A027","t6","undecided","CTQ-S029;CTQ-S030","Nguồn đủ để xem xét lập luận nhưng chưa đủ để chấp nhận kết luận như một tham chiếu có thẩm quyền tại mốc này.","Trạng thái không tự động suy ra từ source_type và không phải kết luận về trách nhiệm hình sự cá nhân."
